source_title,n_pubs,zone
REMOTE SENSING,113,Core (Zone 1)
INTERNATIONAL JOURNAL OF DISASTER RISK REDUCTION,58,Core (Zone 1)
IEEE ACCESS,53,Core (Zone 1)
IEEE JOURNAL OF SELECTED TOPICS IN APPLIED EARTH OBSERVATIONS AND REMOTE SENSING,44,Core (Zone 1)
SUSTAINABILITY,42,Core (Zone 1)
APPLIED SCIENCES-BASEL,41,Core (Zone 1)
NATURAL HAZARDS,41,Core (Zone 1)
Natural Hazards,38,Core (Zone 1)
Lecture Notes in Networks and Systems,37,Core (Zone 1)
SCIENTIFIC REPORTS,32,Core (Zone 1)
Water (Switzerland),31,Core (Zone 1)
WATER,30,Core (Zone 1)
Sustainability (Switzerland),26,Core (Zone 1)
World Conference on Earthquake Engineering proceedings,22,Core (Zone 1)
IEEE TRANSACTIONS ON GEOSCIENCE AND REMOTE SENSING,21,Core (Zone 1)
INTERNATIONAL JOURNAL OF APPLIED EARTH OBSERVATION AND GEOINFORMATION,21,Core (Zone 1)
Journal of Natural Disasters,21,Core (Zone 1)
Proceedings of SPIE - The International Society for Optical Engineering,21,Core (Zone 1)
"International Archives of the Photogrammetry, Remote Sensing and Spatial Information Sciences - ISPRS Archives",21,Core (Zone 1)
SENSORS,20,Core (Zone 1)
Science of the Total Environment,19,Core (Zone 1)
JOURNAL OF HYDROLOGY,18,Core (Zone 1)
CEUR Workshop Proceedings,18,Core (Zone 1)
IEEE Journal of Selected Topics in Applied Earth Observations and Remote Sensing,18,Core (Zone 1)
IGARSS 2023 - 2023 IEEE INTERNATIONAL GEOSCIENCE AND REMOTE SENSING SYMPOSIUM,17,Core (Zone 1)
Proceedings of the International ISCRAM Conference,16,Core (Zone 1)
Wuhan Daxue Xuebao (Xinxi Kexue Ban)/Geomatics and Information Science of Wuhan University,16,Core (Zone 1)
Communications in Computer and Information Science,15,Core (Zone 1)
ACM International Conference Proceeding Series,15,Core (Zone 1)
IOP Conference Series: Earth and Environmental Science,15,Core (Zone 1)
GEOMATICS NATURAL HAZARDS & RISK,14,Core (Zone 1)
BUILDINGS,14,Core (Zone 1)
SUSTAINABLE CITIES AND SOCIETY,13,Core (Zone 1)
EXPERT SYSTEMS WITH APPLICATIONS,13,Core (Zone 1)
EARTH SCIENCE INFORMATICS,13,Core (Zone 1)
Lecture Notes in Civil Engineering,13,Core (Zone 1)
Natural Hazards and Earth System Sciences,12,Core (Zone 1)
IGARSS 2025-2025 IEEE INTERNATIONAL GEOSCIENCE AND REMOTE SENSING SYMPOSIUM,12,Core (Zone 1)
Lecture Notes in Computer Science (including subseries Lecture Notes in Artificial Intelligence and Lecture Notes in Bioinformatics),12,Core (Zone 1)
ISPRS INTERNATIONAL JOURNAL OF GEO-INFORMATION,12,Core (Zone 1)
Sustainable Cities and Society,12,Core (Zone 1)
International Journal of Environmental Research and Public Health,12,Core (Zone 1)
LANDSLIDES,12,Core (Zone 1)
Procedia Computer Science,12,Core (Zone 1)
Earth Science Informatics,12,Core (Zone 1)
ECOLOGICAL INDICATORS,11,Core (Zone 1)
INTERNATIONAL JOURNAL OF DIGITAL EARTH,11,Core (Zone 1)
ISPRS JOURNAL OF PHOTOGRAMMETRY AND REMOTE SENSING,11,Core (Zone 1)
Lecture Notes in Electrical Engineering,11,Core (Zone 1)
Journal of Hydrology,11,Core (Zone 1)
"IGARSS 2024-2024 IEEE INTERNATIONAL GEOSCIENCE AND REMOTE SENSING SYMPOSIUM, IGARSS 2024",11,Core (Zone 1)
REMOTE SENSING OF ENVIRONMENT,10,Core (Zone 1)
2021 IEEE INTERNATIONAL GEOSCIENCE AND REMOTE SENSING SYMPOSIUM IGARSS,10,Core (Zone 1)
COMPUTERS ENVIRONMENT AND URBAN SYSTEMS,10,Core (Zone 1)
ENVIRONMENTAL MODELLING & SOFTWARE,10,Core (Zone 1)
ENVIRONMENTAL EARTH SCIENCES,10,Core (Zone 1)
Land,10,Core (Zone 1)
"Smart Innovation, Systems and Technologies",10,Core (Zone 1)
KOREAN JOURNAL OF REMOTE SENSING,10,Core (Zone 1)
AI and ML in Early Warning Systems for Natural Disasters,10,Core (Zone 1)
FIRE-SWITZERLAND,10,Core (Zone 1)
Journal of Geo-Information Science,10,Core (Zone 1)
International Journal of Applied Earth Observation and Geoinformation,10,Core (Zone 1)
WATER RESOURCES MANAGEMENT,10,Core (Zone 1)
BULLETIN OF ENGINEERING GEOLOGY AND THE ENVIRONMENT,9,Core (Zone 1)
REMOTE SENSING APPLICATIONS-SOCIETY AND ENVIRONMENT,9,Core (Zone 1)
SOIL DYNAMICS AND EARTHQUAKE ENGINEERING,9,Core (Zone 1)
Advances in Intelligent Systems and Computing,9,Core (Zone 1)
Forests,9,Core (Zone 1)
PROGRESS IN DISASTER SCIENCE,9,Core (Zone 1)
COMPUTER-AIDED CIVIL AND INFRASTRUCTURE ENGINEERING,9,Core (Zone 1)
FRONTIERS IN EARTH SCIENCE,9,Core (Zone 1)
Landslides,9,Core (Zone 1)
Ecological Indicators,9,Core (Zone 1)
Risk Analysis,9,Core (Zone 1)
LAND,9,Core (Zone 1)
Geocarto International,9,Core (Zone 1)
Journal of Physics: Conference Series,9,Core (Zone 1)
Internet of Things and AI for Natural Disaster Management and Prediction,8,Core (Zone 1)
MODELING EARTH SYSTEMS AND ENVIRONMENT,8,Zone 2
Bulletin of Engineering Geology and the Environment,8,Zone 2
IEEE Transactions on Geoscience and Remote Sensing,8,Zone 2
Journal of Environmental Management,8,Zone 2
International Journal of Advanced Computer Science and Applications,8,Zone 2
International Journal of Disaster Risk Science,8,Zone 2
Utilizing AI and Machine Learning for Natural Disaster Management,8,Zone 2
"Proceedings of the International Astronautical Congress, IAC",8,Zone 2
Environmental Science and Pollution Research,8,Zone 2
Environmental Monitoring and Assessment,7,Zone 2
EARTHQUAKE SPECTRA,7,Zone 2
IEEE GEOSCIENCE AND REMOTE SENSING LETTERS,7,Zone 2
GEOCARTO INTERNATIONAL,7,Zone 2
ELECTRONICS,7,Zone 2
ENGINEERING APPLICATIONS OF ARTIFICIAL INTELLIGENCE,7,Zone 2
International Journal of Intelligent Systems and Applications in Engineering,7,Zone 2
SCIENCE OF THE TOTAL ENVIRONMENT,7,Zone 2
INTERNATIONAL JOURNAL OF ADVANCED COMPUTER SCIENCE AND APPLICATIONS,7,Zone 2
ADVANCED ENGINEERING INFORMATICS,7,Zone 2
National Remote Sensing Bulletin,7,Zone 2
"XXIV ISPRS CONGRESS: IMAGING TODAY, FORESEEING TOMORROW, COMMISSION III",6,Zone 2
2022 IEEE INTERNATIONAL GEOSCIENCE AND REMOTE SENSING SYMPOSIUM (IGARSS 2022),6,Zone 2
JOURNAL OF LOSS PREVENTION IN THE PROCESS INDUSTRIES,6,Zone 2
NATURAL HAZARDS AND EARTH SYSTEM SCIENCES,6,Zone 2
Geoscience Frontiers,6,Zone 2
Environmental Modelling and Software,6,Zone 2
Artificial Intelligence in Remote Sensing for Disaster Management,6,Zone 2
ENVIRONMENTAL SCIENCE AND POLLUTION RESEARCH,6,Zone 2
ADVANCES IN SPACE RESEARCH,6,Zone 2
Remote Sensing in Earth Systems Sciences,6,Zone 2
Journal of Catastrophology,6,Zone 2
Remote Sensing,6,Zone 2
ATMOSPHERE,6,Zone 2
Stochastic Environmental Research and Risk Assessment,6,Zone 2
MULTIMEDIA TOOLS AND APPLICATIONS,6,Zone 2
NEURAL COMPUTING & APPLICATIONS,6,Zone 2
Environmental Earth Sciences,6,Zone 2
INTERNATIONAL JOURNAL OF REMOTE SENSING,6,Zone 2
JOURNAL OF ENVIRONMENTAL MANAGEMENT,6,Zone 2
ENVIRONMENTAL RESEARCH LETTERS,5,Zone 2
"16th International Conference on Advances in Computing, Control, and Telecommunication Technologies, ACT 2025",5,Zone 2
GEORISK-ASSESSMENT AND MANAGEMENT OF RISK FOR ENGINEERED SYSTEMS AND GEOHAZARDS,5,Zone 2
Water Resources Management,5,Zone 2
Disaster Advances,5,Zone 2
SEISMOLOGICAL RESEARCH LETTERS,5,Zone 2
JOURNAL OF THE INDIAN SOCIETY OF REMOTE SENSING,5,Zone 2
JOURNAL OF FLOOD RISK MANAGEMENT,5,Zone 2
JOURNAL OF BUILDING ENGINEERING,5,Zone 2
International Geoscience and Remote Sensing Symposium (IGARSS),5,Zone 2
IEEE Geoscience and Remote Sensing Letters,5,Zone 2
"Computing in Civil Engineering 2025: Resilient, Robotic, and Educational Systems - Selected Papers from the ASCE International Conference on Computing in Civil Engineering 2025",5,Zone 2
GEOSCIENCE FRONTIERS,5,Zone 2
Prospects of Artificial Intelligence in the Environment,5,Zone 2
2019 IEEE INTERNATIONAL GEOSCIENCE AND REMOTE SENSING SYMPOSIUM (IGARSS 2019),5,Zone 2
Computer-Aided Civil and Infrastructure Engineering,5,Zone 2
Natural Hazards Review,5,Zone 2
"ISPRS Annals of the Photogrammetry, Remote Sensing and Spatial Information Sciences",5,Zone 2
HELIYON,5,Zone 2
NEUROCOMPUTING,5,Zone 2
Northwestern Geology,5,Zone 2
RESULTS IN ENGINEERING,5,Zone 2
AI and IoT for Proactive Disaster Management,5,Zone 2
Remote Sensing of Environment,5,Zone 2
PROCESS SAFETY AND ENVIRONMENTAL PROTECTION,5,Zone 2
STOCHASTIC ENVIRONMENTAL RESEARCH AND RISK ASSESSMENT,5,Zone 2
"COMPUTING IN CIVIL ENGINEERING 2025: RESILIENT, ROBOTIC, AND EDUCATIONAL SYSTEMS",5,Zone 2
Journal of Mountain Science,5,Zone 2
AIP Conference Proceedings,5,Zone 2
Dizhen Dizhi,5,Zone 2
Progress in Disaster Science,5,Zone 2
RELIABILITY ENGINEERING & SYSTEM SAFETY,4,Zone 2
JOURNAL OF EARTH SYSTEM SCIENCE,4,Zone 2
APPLIED SOFT COMPUTING,4,Zone 2
Journal of Applied Data Sciences,4,Zone 2
FRONTIERS IN ENVIRONMENTAL SCIENCE,4,Zone 2
2025 IEEE INTERNATIONAL GEOSCIENCE AND REMOTE SENSING SYMPOSIUM (IGARSS),4,Zone 2
Acta Seismologica Sinica,4,Zone 2
JOURNAL OF EARTHQUAKE ENGINEERING,4,Zone 2
"2024 INTERNATIONAL CONFERENCE ON INFORMATION AND COMMUNICATION TECHNOLOGIES FOR DISASTER MANAGEMENT, ICT-DM 2024",4,Zone 2
SCIENTIFIC DATA,4,Zone 2
"Advances in Science, Technology and Innovation",4,Zone 2
IJCAI International Joint Conference on Artificial Intelligence,4,Zone 2
Frontiers in Earth Science,4,Zone 2
Progress in Geography,4,Zone 2
"2025 3RD INTERNATIONAL CONFERENCE ON INVENTIVE COMPUTING AND INFORMATICS, ICICI",4,Zone 2
"2025 IEEE International Conference on Interdisciplinary Approaches in Technology and Management for Social Innovation, IATMSI 2025",4,Zone 2
JOURNAL OF DISASTER RESEARCH,4,Zone 2
SN Computer Science,4,Zone 2
Bulletin of Geological Science and Technology,4,Zone 2
AUTOMATION IN CONSTRUCTION,4,Zone 2
ADVANCES IN CIVIL ENGINEERING,4,Zone 2
Advances in Geographic Information Science,4,Zone 2
RISK ANALYSIS,4,Zone 2
BULLETIN OF EARTHQUAKE ENGINEERING,4,Zone 2
"IEEE Region 10 Annual International Conference, Proceedings/TENCON",4,Zone 2
Arabian Journal of Geosciences,4,Zone 2
Journal of Flood Risk Management,4,Zone 2
NATURAL HAZARDS RESEARCH,4,Zone 2
APPLIED GEOMATICS,4,Zone 2
NATURE COMMUNICATIONS,4,Zone 2
Tropical Geography,4,Zone 2
GEOSCIENCES,4,Zone 2
ISPRS ICWG III/IVA GI4DM 2019 - GEOINFORMATION FOR DISASTER MANAGEMENT,4,Zone 2
Multimedia Tools and Applications,4,Zone 2
PLOS ONE,4,Zone 2
ECOLOGICAL INFORMATICS,4,Zone 2
DISASTER MEDICINE AND PUBLIC HEALTH PREPAREDNESS,4,Zone 2
PLoS ONE,4,Zone 2
DRONES,4,Zone 2
JOURNAL OF CLEANER PRODUCTION,4,Zone 2
EARTH SYSTEMS AND ENVIRONMENT,4,Zone 2
Diqiu Kexue - Zhongguo Dizhi Daxue Xuebao/Earth Science - Journal of China University of Geosciences,4,Zone 2
"2024 15th International Conference on Computing Communication and Networking Technologies, ICCCNT 2024",4,Zone 2
Cehui Xuebao/Acta Geodaetica et Cartographica Sinica,4,Zone 2
"46th Asian Conference on Remote Sensing, ACRS 2025 - Harnessing Remote Sensing for Global Sustainability and Innovation",4,Zone 2
ACTA GEOPHYSICA,4,Zone 2
Meitan Kexue Jishu/Coal Science and Technology (Peking),4,Zone 2
Neural Computing and Applications,3,Zone 2
Turk Deprem Arastirma Dergisi,3,Zone 2
EARTHQUAKE ENGINEERING & STRUCTURAL DYNAMICS,3,Zone 2
Atmosphere,3,Zone 2
ISPRS Journal of Photogrammetry and Remote Sensing,3,Zone 2
TRANSACTIONS IN GIS,3,Zone 2
GEOENVIRONMENTAL DISASTERS,3,Zone 2
JOURNAL OF MOUNTAIN SCIENCE,3,Zone 2
IEEE OPEN JOURNAL OF THE COMPUTER SOCIETY,3,Zone 2
Coastal Engineering,3,Zone 2
Journal of Korea Water Resources Association,3,Zone 2
Journal of Building Engineering,3,Zone 2
GLOBAL NEST JOURNAL,3,Zone 2
Panamerican Mathematical Journal,3,Zone 2
Frontiers of Earth Science,3,Zone 2
GISCIENCE & REMOTE SENSING,3,Zone 2
Chinese Journal of Geophysics,3,Zone 2
MECHANICAL SYSTEMS AND SIGNAL PROCESSING,3,Zone 2
China Safety Science Journal,3,Zone 2
EARTH SYSTEM SCIENCE DATA,3,Zone 2
Journal of Geomatics,3,Zone 2
Zhongguo Gonglu Xuebao/China Journal of Highway and Transport,3,Zone 2
Proceedings of the IAHR World Congress,3,Zone 2
Developments in Marketing Science: Proceedings of the Academy of Marketing Science,3,Zone 2
"2025 IEEE 4th International Conference for Advancement in Technology, ICONAT 2025",3,Zone 2
Data-Driven Earth Observation for Disaster Management: From Theory to Practical Applications,3,Zone 2
Weather and Climate Extremes,3,Zone 2
JOURNAL OF THE FACULTY OF ENGINEERING AND ARCHITECTURE OF GAZI UNIVERSITY,3,Zone 2
Water Science and Technology,3,Zone 2
International Handbook of Disaster Research,3,Zone 2
"2025 IEEE International Students' Conference on Electrical, Electronics and Computer Science, SCEECS 2025",3,Zone 2
"Proceedings of 8th International Conference on Inventive Computation Technologies, ICICT 2025",3,Zone 2
"International Conference on Computer Science and Engineering, UBMK",3,Zone 2
Journal of Environmental and Earth Sciences,3,Zone 2
"Proceedings of the 6th International Conference on Smart Electronics and Communication, ICOSEC 2025",3,Zone 2
Expert Systems with Applications,3,Zone 2
IEEE INTERNET OF THINGS JOURNAL,3,Zone 2
Frontiers in Artificial Intelligence and Applications,3,Zone 2
GIS: Proceedings of the ACM International Symposium on Advances in Geographic Information Systems,3,Zone 2
NATURAL HAZARDS REVIEW,3,Zone 2
E3S Web of Conferences,3,Zone 2
International Journal of Digital Earth,3,Zone 2
AI and Emerging Technologies for Emergency Response and Smart Cities,3,Zone 2
Jianzhu Jiegou Xuebao/Journal of Building Structures,3,Zone 2
Open Geosciences,3,Zone 2
Earthquake Engineering and Structural Dynamics,3,Zone 2
Shuili Xuebao/Journal of Hydraulic Engineering,3,Zone 2
IAES International Journal of Artificial Intelligence,3,Zone 2
Journal of Disaster Prevention and Mitigation Engineering,3,Zone 2
JOURNAL OF HYDROINFORMATICS,3,Zone 2
SpringerBriefs in Applied Sciences and Technology,3,Zone 2
Journal of Intelligent and Fuzzy Systems,3,Zone 2
COMPUTATIONAL URBAN SCIENCE,3,Zone 2
JOURNAL OF MARINE SCIENCE AND ENGINEERING,3,Zone 2
JOURNAL OF APPLIED REMOTE SENSING,3,Zone 2
ENVIRONMENT DEVELOPMENT AND SUSTAINABILITY,3,Zone 2
IGARSS 2020 - 2020 IEEE INTERNATIONAL GEOSCIENCE AND REMOTE SENSING SYMPOSIUM,3,Zone 2
PROCEEDINGS OF THE 21ST INTERNATIONAL CONFERENCE ON DISTRIBUTED COMPUTING AND NETWORKING (ICDCN 2020),3,Zone 2
ENVIRONMENTAL DATA SCIENCE,3,Zone 2
SMART CITIES,3,Zone 2
GEOLOGICAL JOURNAL,3,Zone 2
"2023 IEEE International Conference on Research Methodologies in Knowledge Management, Artificial Intelligence and Telecommunication Engineering, RMKMATE 2023",3,Zone 2
Journal of Disaster Research,3,Zone 2
Sensors,3,Zone 2
SENSORS AND MATERIALS,3,Zone 2
COMPUTER COMMUNICATIONS,3,Zone 2
Shuili Fadian Xuebao/Journal of Hydroelectric Engineering,3,Zone 2
INFORMATION SYSTEMS FRONTIERS,3,Zone 2
PHYSICS AND CHEMISTRY OF THE EARTH,3,Zone 2
CLIMATE,3,Zone 2
Sustainable Development Goals Series,3,Zone 2
CMC-COMPUTERS MATERIALS & CONTINUA,3,Zone 2
Catena,3,Zone 2
"PROCEEDINGS OF THE IEEE/ACM 10TH INTERNATIONAL CONFERENCE ON BIG DATA COMPUTING, APPLICATIONS AND TECHNOLOGIES, BDCAT 2023",3,Zone 2
"2025 International Conference on Computing and Communication Technologies, ICCCT 2025",3,Zone 2
JOURNAL OF COMPUTING IN CIVIL ENGINEERING,3,Zone 2
INTERNATIONAL JOURNAL OF ENVIRONMENTAL RESEARCH AND PUBLIC HEALTH,3,Zone 2
STRUCTURE AND INFRASTRUCTURE ENGINEERING,3,Zone 2
INTERNATIONAL JOURNAL OF ENGINEERING AND GEOSCIENCES,3,Zone 2
COMPDYN Proceedings,3,Zone 2
Sustainable Development,3,Zone 2
Sustainable Civil Infrastructures,3,Zone 2
ENGINEERING GEOLOGY,3,Zone 2
INTERNATIONAL JOURNAL OF DISASTER RISK SCIENCE,3,Zone 2
"2023 20TH ACS/IEEE INTERNATIONAL CONFERENCE ON COMPUTER SYSTEMS AND APPLICATIONS, AICCSA",3,Zone 2
Lecture Notes on Data Engineering and Communications Technologies,3,Zone 2
"2024 IEEE INDIA GEOSCIENCE AND REMOTE SENSING SYMPOSIUM, INGARSS",3,Zone 2
GEOMORPHOLOGY,2,Zone 2
Journal of Safety and Environment,2,Zone 2
ALL EARTH,2,Zone 2
"Proceedings - 2024 International Conference on Internet of Things, Robotics and Distributed Computing, ICIRDC 2024",2,Zone 2
ACTA GEODYNAMICA ET GEOMATERIALIA,2,Zone 2
Fire Technology,2,Zone 2
"45th Asian Conference on Remote Sensing, ACRS 2024",2,Zone 2
ANNALS OF OPERATIONS RESEARCH,2,Zone 2
"Proceedings of 3rd International Conference on Sustainable Computing and Data Communication Systems, ICSCDS 2025",2,Zone 2
ACS CHEMICAL HEALTH & SAFETY,2,Zone 2
"ADVANCES IN SOCIAL NETWORKS ANALYSIS AND MINING, ASONAM 2024, VOL 2",2,Zone 2
AGRICULTURAL WATER MANAGEMENT,2,Zone 2
Proceedings ICECONF 2025 - 2025 2nd International Conference on Artificial Intelligence and Knowledge Discovery in Concurrent Engineering,2,Zone 2
"Proceedings of 10th International Conference on Communication and Electronics Systems, ICCES 2025",2,Zone 2
"Proceedings - International Conference on Technological Advancements in Computational Sciences, ICTACS 2023",2,Zone 2
"Proceedings of 10th International Conference on Cyber Security and Information Engineering, ICCSIE 2025",2,Zone 2
ACM TRANSACTIONS ON SPATIAL ALGORITHMS AND SYSTEMS,2,Zone 2
"Proceedings of 2021 IEEE 3rd International Conference on Civil Aviation Safety and Information Technology, ICCASIT 2021",2,Zone 2
"Proceedings - 4th International Conference on Smart Technologies, Communication and Robotics 2025, STCR 2025",2,Zone 2
Geo-information for Disaster Monitoring and Management,2,Zone 2
GEOJOURNAL,2,Zone 2
"Proceedings of 2025 2nd International Conference on Cognitive Robotics and Intelligent Systems, ICC - ROBINS 2025",2,Zone 2
"Proceedings - International Conference on Image Processing, ICIP",2,Zone 2
Journal of Geophysical Research: Machine Learning and Computation,2,Zone 2
"Proceedings of 2025 IEEE Artificial Intelligence for Computing, Astronomy, and Renewable Energy, AICARE 2025",2,Zone 2
GEO-SPATIAL INFORMATION SCIENCE,2,Zone 2
ACRS 2020 - 41st Asian Conference on Remote Sensing,2,Zone 2
"Proceedings of 2025 International Conference on Signal Processing, Computation, Electronics, Power and Telecommunication, IConSCEPT 2025",2,Zone 2
"4th International Conference on Sustainable Expert Systems, ICSES 2024 - Proceedings",2,Zone 2
AIP ADVANCES,2,Zone 2
Geomatica,2,Zone 2
"Proceedings - International Conference on Advanced Computer Information Technologies, ACIT",2,Zone 2
npj Climate and Atmospheric Science,2,Zone 2
APPLIED INTELLIGENCE,2,Zone 2
PATTERN RECOGNITION AND IMAGE ANALYSIS,2,Zone 2
Chinese Journal of Geological Hazard and Control,2,Zone 2
ELECTRIC POWER SYSTEMS RESEARCH,2,Zone 2
MACHINE LEARNING WITH APPLICATIONS,2,Zone 2
Ocean Engineering,2,Zone 2
ENERGIES,2,Zone 2
Cases on AI-Driven Solutions to Environmental Challenges,2,Zone 2
Cartography and Geographic Information Science,2,Zone 2
ENGINEERING APPLICATIONS OF COMPUTATIONAL FLUID MECHANICS,2,Zone 2
"COMPUTING IN CIVIL ENGINEERING 2023-RESILIENCE, SAFETY, AND SUSTAINABILITY",2,Zone 2
ARIC 2019: PROCEEDINGS OF THE 2ND ACM SIGSPATIAL INTERNATIONAL WORKSHOP ON ADVANCES IN RESILIENT AND INTELLIGENT CITIES (ARIC-2019),2,Zone 2
PFG-JOURNAL OF PHOTOGRAMMETRY REMOTE SENSING AND GEOINFORMATION SCIENCE,2,Zone 2
PHOTOGRAMMETRIC ENGINEERING AND REMOTE SENSING,2,Zone 2
PHYSICS OF FLUIDS,2,Zone 2
ENGINEERING STRUCTURES,2,Zone 2
"Lecture Notes of the Institute for Computer Sciences, Social-Informatics and Telecommunications Engineering, LNICST",2,Zone 2
COMPUTERS & ELECTRICAL ENGINEERING,2,Zone 2
COMPUTER SCIENCE AND INFORMATION SYSTEMS,2,Zone 2
POLISH JOURNAL OF ENVIRONMENTAL STUDIES,2,Zone 2
OCIT 2025 - Proceedings 23rd OITS International Conference on Information Technology,2,Zone 2
MATHEMATICS,2,Zone 2
Climate,2,Zone 2
OCEAN & COASTAL MANAGEMENT,2,Zone 2
Dili Xuebao/Acta Geographica Sinica,2,Zone 2
"Disaster Human Crisis: Emergency, Response and Recovery",2,Zone 2
Decision Making: Applications in Management and Engineering,2,Zone 2
Decision Analytics Journal,2,Zone 2
Discover Artificial Intelligence,2,Zone 2
DISCOVER APPLIED SCIENCES,2,Zone 2
Multidisciplinary Science Journal,2,Zone 2
DECISION SUPPORT SYSTEMS,2,Zone 2
DATA IN BRIEF,2,Zone 2
EAI Endorsed Transactions on Energy Web,2,Zone 2
Conference Proceedings of the Society for Experimental Mechanics Series,2,Zone 2
EARTH SURFACE PROCESSES AND LANDFORMS,2,Zone 2
"Conference Proceedings - IEEE International Conference on Advanced Telecommunication and Networking Technologies: Empowering Telecommunication Technologies for Sustainable Future, ATNT 2024",2,Zone 2
"Conference Proceedings - 2025 4th International Conference on Advances in Computing, Communication, Embedded and Secure Systems, ACCESS 2025",2,Zone 2
"Computing in Civil Engineering 2023: Resilience, Safety, and Sustainability - Selected Papers from the ASCE International Conference on Computing in Civil Engineering 2023",2,Zone 2
Computers and Geosciences,2,Zone 2
Natural Hazards Research,2,Zone 2
Lecture Notes in Intelligent Transportation and Infrastructure,2,Zone 2
"ENVIRONMENTAL PROTECTION AND DISASTER RISKS, ENVIRORISKS 2024",2,Zone 2
CLUSTER COMPUTING-THE JOURNAL OF NETWORKS SOFTWARE TOOLS AND APPLICATIONS,2,Zone 2
Applied Human Factors and Ergonomics International,2,Zone 2
Photogrammetric Engineering and Remote Sensing,2,Zone 2
"American Society of Mechanical Engineers, Pressure Vessels and Piping Division (Publication) PVP",2,Zone 2
Journal of the Chinese Institute of Civil and Hydraulic Engineering,2,Zone 2
Environmental Science and Policy,2,Zone 2
"Proceeding of 2025 IEEE 6th International Conference on Computer, Big Data and Artificial Intelligence, ICCBD+AI 2025",2,Zone 2
"Proceedings - 1st Workshop on Cyber Physical Systems for Emergency Response, CPS-ER 2022",2,Zone 2
European Journal of Operational Research,2,Zone 2
Experimental Technology and Management,2,Zone 2
Journal of Water and Land Development,2,Zone 2
Journal of Theoretical and Applied Information Technology,2,Zone 2
FORESTS,2,Zone 2
FRONTIERS IN CLIMATE,2,Zone 2
"Proceedings - 2022 IEEE International Conference on Big Data, Big Data 2022",2,Zone 2
"Proceedings - 2023 IEEE 7th International Conference on Information Technology, Information Systems and Electrical Engineering, ICITISEE 2023",2,Zone 2
FRONTIERS IN MARINE SCIENCE,2,Zone 2
FRONTIERS IN PUBLIC HEALTH,2,Zone 2
FRONTIERS IN REMOTE SENSING,2,Zone 2
Perspectives on Artificial Intelligence and Internet of Things for Sustainable Environment,2,Zone 2
Journal of the Indian Society of Remote Sensing,2,Zone 2
CLIMATIC CHANGE,2,Zone 2
"Engineering, Technology and Applied Science Research",2,Zone 2
Lecture Notes in Business Information Processing,2,Zone 2
CLIMATE RISK MANAGEMENT,2,Zone 2
CIVIL ENGINEERING JOURNAL-TEHRAN,2,Zone 2
"ESIC 2024 - 4th International Conference on Emerging Systems and Intelligent Computing, Proceedings",2,Zone 2
EUROPEAN JOURNAL OF REMOTE SENSING,2,Zone 2
Journal of Forestry Research,2,Zone 2
CHINA GEOLOGY,2,Zone 2
EXPERT SYSTEMS,2,Zone 2
Earthquake,2,Zone 2
Earthquake Research Advances,2,Zone 2
"PROCEEDINGS OF THE 6TH ACM SIGSPATIAL INTERNATIONAL WORKSHOP ON AI FOR GEOGRAPHIC KNOWLEDGE DISCOVERY, GEOAI 2023",2,Zone 2
BULLETIN OF THE AMERICAN METEOROLOGICAL SOCIETY,2,Zone 2
KSCE JOURNAL OF CIVIL ENGINEERING,2,Zone 2
BIG EARTH DATA,2,Zone 2
Atmospheric Research,2,Zone 2
Engineering Applications of Artificial Intelligence,2,Zone 2
Jurnal Teknologi,2,Zone 2
CHINESE JOURNAL OF GEOPHYSICS-CHINESE EDITION,2,Zone 2
"Proceedings of the 2024 International Conference on Artificial Intelligence and Emerging Technology, Global AI Summit 2024",2,Zone 2
"43rd Asian Conference on Remote Sensing, ACRS 2022",2,Zone 2
"2025 6th International Conference on Advanced Information Technologies, ICAIT 2025",2,Zone 2
"2025 7th International Symposium on Advanced Electrical and Communication Technologies, ISAECT 2025",2,Zone 2
INTERNATIONAL JOURNAL OF INTELLIGENT SYSTEMS,2,Zone 2
JOURNAL OF STRUCTURAL ENGINEERING,2,Zone 2
TRANSACTIONS ON EMERGING TELECOMMUNICATIONS TECHNOLOGIES,2,Zone 2
"2025 6th International Conference on Data Intelligence and Cognitive Informatics, ICDICI 2025",2,Zone 2
IEEE International Conference on Automation Science and Engineering,2,Zone 2
TQCEBT 2024 - 2nd IEEE International Conference on Trends in Quantum Computing and Emerging Business Technologies 2024,2,Zone 2
"2025 6th International Conference on Artificial Intelligence and Computer Engineering, ICAICE 2025",2,Zone 2
"2025 6th International Conference for Emerging Technology, INCET 2025",2,Zone 2
"2025 2nd International Conference on Advanced Computing and Emerging Technologies, ACET 2025",2,Zone 2
JOURNAL OF SENSORS,2,Zone 2
"THIRTY-FOURTH AAAI CONFERENCE ON ARTIFICIAL INTELLIGENCE, THE THIRTY-SECOND INNOVATIVE APPLICATIONS OF ARTIFICIAL INTELLIGENCE CONFERENCE AND THE TENTH AAAI SYMPOSIUM ON EDUCATIONAL ADVANCES IN ARTIFICIAL INTELLIGENCE",2,Zone 2
"International Youth Conference on Radio Electronics, Electrical and Power Engineering, REEPE",2,Zone 2
"2025 5TH INTERNATIONAL CONFERENCE ON TRENDS IN MATERIAL SCIENCE AND INVENTIVE MATERIALS, ICTMIM",2,Zone 2
"2025 4th OPJU International Technology Conference on Smart Computing for Innovation and Advancement in Industry 5.0, OTCON 2025",2,Zone 2
INTERNATIONAL JOURNAL OF GEOGRAPHICAL INFORMATION SCIENCE,2,Zone 2
INTERNATIONAL JOURNAL OF ENVIRONMENTAL SCIENCE AND TECHNOLOGY,2,Zone 2
RESILIENT CITIES AND STRUCTURES,2,Zone 2
"2025 9th International Conference on Computing, Communication, Control and Automation, ICCCBEA 2025",2,Zone 2
"Proceedings of the International Joint Conference on Autonomous Agents and Multiagent Systems, AAMAS",2,Zone 2
"2025 Gender and Technology Conference, GTC 2025",2,Zone 2
TRANSPORTATION RESEARCH RECORD,2,Zone 2
JURNAL TEKNOLOGI,2,Zone 2
Proceedings of the IEEE International Conference Image Information Processing,2,Zone 2
IEEE Access,2,Zone 2
"ISED 2025 - 13th International Conference on Intelligent Systems and Embedded Design, Proceedings",2,Zone 2
Proceedings of the International Association of Hydrological Sciences,2,Zone 2
Proceedings of the International Conference on Education and Research in Computer Aided Architectural Design in Europe,2,Zone 2
JURNAL KEJURUTERAAN,2,Zone 2
"2025 IEEE 49TH ANNUAL COMPUTERS, SOFTWARE, AND APPLICATIONS CONFERENCE, COMPSAC",2,Zone 2
International Journal of Recent Technology and Engineering,2,Zone 2
International Journal of Remote Sensing,2,Zone 2
"2025 IEEE 3rd International Conference on Control, Electronics and Computer Technology, ICCECT 2025",2,Zone 2
INTERNATIONAL JOURNAL OF SYSTEM ASSURANCE ENGINEERING AND MANAGEMENT,2,Zone 2
INTERNATIONAL JOURNAL OF PRODUCTION RESEARCH,2,Zone 2
"2025 IEEE 25TH INTERNATIONAL SYMPOSIUM ON CLUSTER, CLOUD AND INTERNET COMPUTING WORKSHOPS, CCGRIDW",2,Zone 2
International Journal of Safety and Security Engineering,2,Zone 2
Proceedings of the International Conference on Natural Hazards and Infrastructure,2,Zone 2
IEEE INTELLIGENT SYSTEMS,2,Zone 2
REVUE INTERNATIONALE DE GEOMATIQUE,2,Zone 2
JAMBA-JOURNAL OF DISASTER RISK STUDIES,2,Zone 2
International Journal of Innovative Technology and Exploring Engineering,2,Zone 2
Scientia Sinica Informationis,2,Zone 2
JOURNAL OF BIG DATA,2,Zone 2
Society of Petroleum Engineers - ADIPEC 2025,2,Zone 2
"2024 IEEE Mediterranean and Middle-East Geoscience and Remote Sensing Symposium, M2GARSS 2024 - Proceedings",2,Zone 2
"2024 IEEE International Students' Conference on Electrical, Electronics and Computer Science, SCEECS 2024",2,Zone 2
"2024 IEEE International Conference on Technology Management, Operations and Decisions, ICTMOD 2024",2,Zone 2
"INTELLIGENT AND FUZZY SYSTEMS, INFUS 2025, VOL 2",2,Zone 2
JOURNAL OF CENTRAL SOUTH UNIVERSITY,2,Zone 2
2024 IEEE INTERNATIONAL GEOSCIENCE AND REMOTE SENSING SYMPOSIUM (IGARSS 2024),2,Zone 2
SIGNAL IMAGE AND VIDEO PROCESSING,2,Zone 2
Remote Sensing Technology and Application,2,Zone 2
IFIP Advances in Information and Communication Technology,2,Zone 2
SOFT COMPUTING,2,Zone 2
"2024 IEEE 2nd International Conference on Electrical, Automation and Computer Engineering, ICEACE 2024",2,Zone 2
JOURNAL OF ENVIRONMENTAL INFORMATICS,2,Zone 2
JOURNAL OF ELECTRONICS & INFORMATION TECHNOLOGY,2,Zone 2
INDIAN GEOTECHNICAL JOURNAL,2,Zone 2
INFORMATION FUSION,2,Zone 2
INFORMATION,2,Zone 2
JOURNAL OF ATMOSPHERIC AND SOLAR-TERRESTRIAL PHYSICS,2,Zone 2
"2024 IEEE Students Conference on Engineering and Systems: Interdisciplinary Technologies for Sustainable Future, SCES 2024",2,Zone 2
"2024 IEEE/ACS 21ST INTERNATIONAL CONFERENCE ON COMPUTER SYSTEMS AND APPLICATIONS, AICCSA",2,Zone 2
JOURNAL OF IMAGING,2,Zone 2
"2023 14th International Conference on Computing Communication and Networking Technologies, ICCCNT 2023",2,Zone 2
"2025 11th International Conference on Smart Computing and Communications: Intelligent Technologies for a Sustainable World, ICSCC 2025",2,Zone 2
"2024 International Conference on Smart Technologies for Sustainable Development Goals, ICSTSDG 2024",2,Zone 2
"Studies in Systems, Decision and Control",2,Zone 2
Studies in Health Technology and Informatics,2,Zone 2
Studies in Computational Intelligence,2,Zone 2
INTERNATIONAL JOURNAL OF DATA SCIENCE AND ANALYTICS,2,Zone 2
"Reshaping Humanitarian Logistics With AI, Predictive Analytics, and Autonomous Systems",2,Zone 2
JOURNAL OF INTELLIGENT & FUZZY SYSTEMS,2,Zone 2
"42nd Asian Conference on Remote Sensing, ACRS 2021",2,Zone 2
JOURNAL OF ADVANCES IN INFORMATION TECHNOLOGY,2,Zone 2
IEEE TRANSACTIONS ON EMERGING TOPICS IN COMPUTING,2,Zone 2
"2024 International Conference on Electrical, Electronics and Computing Technologies, ICEECT 2024",2,Zone 2
Revue d'Intelligence Artificielle,2,Zone 2
Springer Proceedings in Physics,2,Zone 2
JOURNAL OF APPLIED METEOROLOGY AND CLIMATOLOGY,2,Zone 2
Soil Dynamics and Earthquake Engineering,2,Zone 2
Transactions of Atmospheric Sciences,2,Zone 2
"2025 IEEE 2nd International Conference on Information Technology, Electronics and Intelligent Communication Systems, ICITEICS 2025",2,Zone 2
Journal of Advanced Research in Dynamical and Control Systems,2,Zone 2
International Journal of Disaster Risk Reduction,2,Zone 2
Water Supply,2,Zone 2
"2nd International Conference on Emerging Research in Computational Science, ICERCS 2024",2,Zone 2
Water Resources Research,2,Zone 2
"2017 IEEE 8th International Conference on Intelligent Computing and Information Systems, ICICIS 2017",2,Zone 2
"2nd IEEE International Conference on Integrated Intelligence and Communication Systems, ICIICS 2024",2,Zone 2
Handbook of Geospatial Artificial Intelligence,2,Zone 2
International Journal of Advanced Technology and Engineering Exploration,2,Zone 2
2017 IEEE INTERNATIONAL CONFERENCE ON DATA SCIENCE AND ADVANCED ANALYTICS (DSAA),2,Zone 2
WORLD WIDE WEB-INTERNET AND WEB INFORMATION SYSTEMS,2,Zone 2
"International Conference on Computational Robotics, Testing and Engineering Evaluation, ICCRTEE 2025",2,Zone 2
Journal of Earth Science,2,Zone 2
Hydro-Science and Engineering,2,Zone 2
Hydrological Sciences Journal,2,Zone 2
"2025 International Conference on Networks and Cryptology, NETCRYPT 2025",2,Zone 2
International Journal of Computing and Digital Systems,2,Zone 2
"2018 5th International Conference on Information and Communication Technologies for Disaster Management, ICT-DM 2018",2,Zone 2
WATER RESOURCES RESEARCH,2,Zone 2
Journal of Emergency Management,2,Zone 2
"2nd International Conference on Research Methodologies in Knowledge Management, Artificial Intelligence and Telecommunication Engineering, RMKMATE 2025",2,Zone 2
"2nd International Conference on Self Sustainable Artificial Intelligence Systems, ICSSAS 2024 - Proceedings",2,Zone 2
"International Conference on Sustainable Computing and Smart Systems, ICSCSS 2023 - Proceedings",2,Zone 2
"Proceedings of 5th International Conference on Pervasive Computing and Social Networking, ICPCSN 2025",2,Zone 2
Gongcheng Kexue Yu Jishu/Advanced Engineering Sciences,2,Zone 2
Guangxue Xuebao/Acta Optica Sinica,2,Zone 2
"3rd International Conference on Advancements in Smart, Secure and Intelligent Computing, ASSIC 2025",2,Zone 2
"39TH INTERNATIONAL SYMPOSIUM ON REMOTE SENSING OF ENVIRONMENT ISRSE-39 FROM HUMAN NEEDS TO SDGS, VOL. 48-M-1",2,Zone 2
"Proceedings of International Conference on Circuit Power and Computing Technologies, ICCPCT 2024",2,Zone 2
"International Conference on Intelligent Communication Networks and Computational Techniques, ICICNCT 2025",2,Zone 2
"Proceedings of International Conference on Computers and Industrial Engineering, CIE",2,Zone 2
"30TH ACM SIGSPATIAL INTERNATIONAL CONFERENCE ON ADVANCES IN GEOGRAPHIC INFORMATION SYSTEMS, ACM SIGSPATIAL GIS 2022",2,Zone 2
"International Conference on Information and Knowledge Management, Proceedings",2,Zone 2
Yaogan Xuebao/Journal of Remote Sensing,2,Zone 2
"33RD ACM SIGSPATIAL INTERNATIONAL CONFERENCE ON ADVANCES IN GEOGRAPHIC INFORMATION SYSTEMS, ACM SIGSPATIAL 2025",2,Zone 2
International Conference on ICT Convergence,2,Zone 2
"31ST ACM SIGSPATIAL INTERNATIONAL CONFERENCE ON ADVANCES IN GEOGRAPHIC INFORMATION SYSTEMS, ACM SIGSPATIAL GIS 2023",2,Zone 2
International Geoscience and Remote Sensing Symposium (IGARSS)  ,2,Zone 2
"30th European Safety and Reliability Conference, ESREL 2020 and 15th Probabilistic Safety Assessment and Management Conference, PSAM 2020",2,Zone 2
International Journal of Disaster Resilience in the Built Environment,2,Zone 2
STRUCTURAL HEALTH MONITORING-10APWSHM,2,Zone 2
2019 INTERNATIONAL CONFERENCE ON INFORMATION AND COMMUNICATION TECHNOLOGIES FOR DISASTER MANAGEMENT (ICT-DM 2019),2,Zone 2
"Proceedings of the 6th International Conference on Electronics and Sustainable Communication Systems, ICESC 2025",2,Zone 2
International Journal of Engineering Trends and Technology,2,Zone 2
2020 20TH INTERNATIONAL CONFERENCE ON ADVANCES IN ICT FOR EMERGING REGIONS (ICTER-2020),2,Zone 2
"2025 IEEE International Conference on Quantum Photonics, Artificial Intelligence, and Networking, QPAIN 2025",2,Zone 2
Transportation Research Part C: Emerging Technologies,2,Zone 2
"Urban Human Mobility: Practices, Analytics, and Strategies for Smart Cities",2,Zone 2
"2025 International Conference on Data Science and Business Systems, ICDSBS 2025",2,Zone 2
"2025 International Conference on Data Science, Agents and Artificial Intelligence, ICDSAAI 2025",2,Zone 2
Tropical Cyclone Research and Review,2,Zone 2
International Journal of Geographical Information Science,2,Zone 2
International Journal of Information Technology (Singapore),2,Zone 2
IBM JOURNAL OF RESEARCH AND DEVELOPMENT,2,Zone 2
"2025 IEEE International Conference on Next-Gen Technologies of Artificial Intelligence and Geoscience Remote Sensing, EarthSense 2025",2,Zone 2
Informatica (Slovenia),2,Zone 2
"2025 International Conference on Engineering Innovations and Technologies, ICoEIT 2025",2,Zone 2
Journal of Applied Science and Technology Trends,2,Zone 2
"2025 INTERNATIONAL CONFERENCE ON INTELLIGENT COMPUTING AND KNOWLEDGE EXTRACTION, ICICKE",2,Zone 2
"Proceedings of the 7th International Conference on Intelligent Sustainable Systems, ICISS 2025",2,Zone 2
"Proceedings of the 21st IEEE International Conference on Computer Applications 2024, ICCA 2024",2,Zone 2
"ISPRS TC IV GI4DM 2020 - 13TH GEOINFORMATION FOR DISASTER MANAGEMENT CONFERENCE, VOL VI-3/W1-2020",2,Zone 2
International Journal of Emergency Medicine,2,Zone 2
International Conference on Transparent Optical Networks,1,Zone 2
International Journal of Human-Computer Interaction,1,Zone 2
"International Conference on Systems, Signals, and Image Processing",1,Zone 2
JOURNAL OF COMPUTATIONAL SOCIAL SCIENCE,1,Zone 2
Lecture Notes in Operations Research,1,Zone 2
JOURNAL OF BIOETHICAL INQUIRY,1,Zone 2
MINERALS,1,Zone 2
International Journal of Informatics and Communication Technology,1,Zone 2
JOURNAL OF CIVIL STRUCTURAL HEALTH MONITORING,1,Zone 2
JOURNAL OF ARTIFICIAL INTELLIGENCE RESEARCH,1,Zone 2
Lecture Notes in Mechanical Engineering,1,Zone 2
JOURNAL OF COASTAL CONSERVATION,1,Zone 2
"International Conference on Software, Systems and Information Technology, SSITCON 2025",1,Zone 2
International Journal of Information Technology and Computer Science,1,Zone 2
International Journal of Integrated Engineering,1,Zone 2
JOURNAL OF COMPUTATIONAL DESIGN AND ENGINEERING,1,Zone 2
MEDICINE,1,Zone 2
JOURNAL OF COMPUTATIONAL METHODS IN SCIENCES AND ENGINEERING,1,Zone 2
JOURNAL OF COMPUTATIONAL SCIENCE,1,Zone 2
"International Conference on Smart Systems for Electrical, Electronics, Communication and Computer Engineering, ICSSEEC 2024 - Proceedings",1,Zone 2
MEMBRANE AND WATER TREATMENT,1,Zone 2
JOURNAL OF CLIMATE CHANGE AND HEALTH,1,Zone 3
"International Journal of Sensors, Wireless Communications and Control",1,Zone 3
MULTIMEDIA SYSTEMS,1,Zone 3
International Journal of Rock Mechanics and Mining Sciences,1,Zone 3
International Journal on Informatics Visualization,1,Zone 3
"International Multidisciplinary Scientific GeoConference Surveying Geology and Mining Ecology Management, SGEM",1,Zone 3
"International Symposium on Advanced Networks and Telecommunication Systems, ANTS",1,Zone 3
"International Symposium on Technology and Society, Proceedings",1,Zone 3
Iran Journal of Computer Science,1,Zone 3
International Journal of Critical Infrastructures,1,Zone 3
MINEXCHANGE 2024 SME Annual Conference and Expo,1,Zone 3
International Journal of Embedded Systems,1,Zone 3
Israel Journal of Health Policy Research,1,Zone 3
International Journal of Computational Vision and Robotics,1,Zone 3
"MACHINE LEARNING AND PRINCIPLES AND PRACTICE OF KNOWLEDGE DISCOVERY IN DATABASES, ECML PKDD 2023, PT V",1,Zone 3
International Journal of Coal Science and Technology,1,Zone 3
METEOROLOGICAL APPLICATIONS,1,Zone 3
JAPAN ARCHITECTURAL REVIEW,1,Zone 3
Lifelines 2022: 1971 San Fernando Earthquake and Lifeline Infrastructure - Selected Papers from the Lifelines 2022 Conference,1,Zone 3
International Journal on Engineering Applications,1,Zone 3
International Journal of Applied Science and Engineering,1,Zone 3
International Journal of Applied Engineering Research,1,Zone 3
"International Journal on Advanced Science, Engineering and Information Technology",1,Zone 3
MACHINE LEARNING-SCIENCE AND TECHNOLOGY,1,Zone 3
JMIR INFODEMIOLOGY,1,Zone 3
MATERIALS RESEARCH EXPRESS,1,Zone 3
International Journal of Environmental Science and Technology,1,Zone 3
"International Interdisciplinary Humanitarian Conference for Sustainability, IIHC 2022 - Proceedings",1,Zone 3
International Journal of Geoinformatics,1,Zone 3
JOURNAL OF AEROSPACE INFORMATION SYSTEMS,1,Zone 3
International Journal of Electrical and Computer Engineering Systems,1,Zone 3
JOURNAL OF AMBIENT INTELLIGENCE AND HUMANIZED COMPUTING,1,Zone 3
METHODSX,1,Zone 3
MACHINE LEARNING AND KNOWLEDGE EXTRACTION,1,Zone 3
Kongzhi yu Juece/Control and Decision,1,Zone 3
JOURNAL OF COMPUTER LANGUAGES,1,Zone 3
Journal of Robotics and Control (JRC),1,Zone 3
Journal of Meteorological Research,1,Zone 3
Journal of Combinatorial Optimization,1,Zone 3
Journal of Climate Change Research,1,Zone 3
Journal of Civil Engineering and Management,1,Zone 3
Journal of Chengdu University of Technology (Science and Technology Edition),1,Zone 3
Journal of Business Continuity and Emergency Planning ,1,Zone 3
Journal of Natural Resources,1,Zone 3
Journal of Big Data,1,Zone 3
Journal of Ocean Engineering and Science,1,Zone 3
Journal of Arid Environments,1,Zone 3
Journal of Applied Remote Sensing,1,Zone 3
Journal of Pure and Applied Microbiology,1,Zone 3
Journal of Applied Meteorology and Climatology,1,Zone 3
Journal of Computer Science,1,Zone 3
Journal of Ambient Intelligence and Humanized Computing,1,Zone 3
Journal of Agricultural Safety and Health,1,Zone 3
Journal of African Earth Sciences,1,Zone 3
Journal of Rock Mechanics and Geotechnical Engineering,1,Zone 3
Journal of Affective Disorders,1,Zone 3
Journal of Safety Science and Resilience,1,Zone 3
Journal of Aerospace Information Systems,1,Zone 3
Journal of Safety and Sustainability,1,Zone 3
Journal of Advanced Research in Applied Sciences and Engineering Technology,1,Zone 3
Jilin Daxue Xuebao (Gongxueban)/Journal of Jilin University (Engineering and Technology Edition),1,Zone 3
Journal of Spatial Science,1,Zone 3
Journal of Structural and Construction Engineering,1,Zone 3
Journal of Medical Internet Research,1,Zone 3
Journal of Machine and Computing,1,Zone 3
JOURNAL OF CONSTRUCTION ENGINEERING AND MANAGEMENT,1,Zone 3
Journal of Electrical and Computer Engineering,1,Zone 3
Journal of Geodesy and Geoinformation Science,1,Zone 3
Journal of Environmental Informatics Letters,1,Zone 3
Journal of Geomechanics,1,Zone 3
Journal of Geophysical Research: Atmospheres,1,Zone 3
Journal of Engineering and Technology for Industrial Applications,1,Zone 3
Journal of Geovisualization and Spatial Analysis,1,Zone 3
Journal of Green Engineering,1,Zone 3
Journal of Engineering Science and Technology Review,1,Zone 3
Journal of Healthcare Engineering,1,Zone 3
Journal of Hydro-Environment Research,1,Zone 3
Journal of Hydroinformatics,1,Zone 3
Journal of Electronic Measurement and Instrumentation,1,Zone 3
Journal of Integrated Disaster Risk Management,1,Zone 3
"Journal of Computers, Mechanical and Management",1,Zone 3
Journal of Ecohumanism,1,Zone 3
Journal of Earthquake and Tsunami,1,Zone 3
Journal of Earthquake Engineering,1,Zone 3
Journal of Earth System Science,1,Zone 3
Journal of Earth Sciences and Environment,1,Zone 3
Journal of Disaster and Risk,1,Zone 3
Machine Learning and Internet of Things in Fire Ecology,1,Zone 3
Journal of Irrigation and Drainage,1,Zone 3
Journal of Degraded and Mining Lands Management,1,Zone 3
Journal of Contingencies and Crisis Management,1,Zone 3
Journal of Korean Institute of Communications and Information Sciences,1,Zone 3
Journal of Computing and Biomedical Informatics,1,Zone 3
Journal of Supercomputing,1,Zone 3
JOURNAL OF WATER AND CLIMATE CHANGE,1,Zone 3
Journal of Systems Science and Information,1,Zone 3
LAWS,1,Zone 3
KDD'18: PROCEEDINGS OF THE 24TH ACM SIGKDD INTERNATIONAL CONFERENCE ON KNOWLEDGE DISCOVERY & DATA MINING,1,Zone 3
KNOWLEDGE-BASED SYSTEMS,1,Zone 3
JOURNAL OF MANAGEMENT INFORMATION SYSTEMS,1,Zone 3
JOURNAL OF MANAGEMENT IN ENGINEERING,1,Zone 3
Kybernetes,1,Zone 3
JOURNAL OF INFRASTRUCTURE PRESERVATION AND RESILIENCE,1,Zone 3
JOURNAL OF INFORMATION AND TELECOMMUNICATION,1,Zone 3
JOURNAL OF INFORMATION & KNOWLEDGE MANAGEMENT,1,Zone 3
LANDSCAPE ARCHITECTURE FRONTIERS,1,Zone 3
JOURNAL OF INDUSTRIAL INFORMATION INTEGRATION,1,Zone 3
JOURNAL OF HYDROLOGY-REGIONAL STUDIES,1,Zone 3
LASER & OPTOELECTRONICS PROGRESS,1,Zone 3
JOURNAL OF HOMELAND SECURITY AND EMERGENCY MANAGEMENT,1,Zone 3
JOURNAL OF THE GEOLOGICAL SOCIETY OF INDIA,1,Zone 3
"LEARNING AND INTELLIGENT OPTIMIZATION, LION 16",1,Zone 3
LIFELINES 2022: ADVANCING LIFELINE ENGINEERING FOR COMMUNITY RESILIENCE,1,Zone 3
JOURNAL OF HAZARDOUS MATERIALS,1,Zone 3
JOURNAL OF GEOPHYSICAL RESEARCH-EARTH SURFACE,1,Zone 3
LOGISTICS-BASEL,1,Zone 3
JOURNAL OF GEOLOGY GEOGRAPHY AND GEOECOLOGY,1,Zone 3
LREC 2016 - TENTH INTERNATIONAL CONFERENCE ON LANGUAGE RESOURCES AND EVALUATION,1,Zone 3
JOURNAL OF GEOGRAPHICAL SYSTEMS,1,Zone 3
JOURNAL OF GEOGRAPHICAL SCIENCES,1,Zone 3
"Landslides: Detection, Predict. and Monit.: Technol. Dev.",1,Zone 3
JOURNAL OF EARTHQUAKE AND TSUNAMI,1,Zone 3
JOURNAL OF DECISION SYSTEMS,1,Zone 3
KDD '21: PROCEEDINGS OF THE 27TH ACM SIGKDD CONFERENCE ON KNOWLEDGE DISCOVERY & DATA MINING,1,Zone 3
JOURNAL OF MODERN POWER SYSTEMS AND CLEAN ENERGY,1,Zone 3
JOURNAL OF MOLECULAR MODELING,1,Zone 3
KDD '20: PROCEEDINGS OF THE 26TH ACM SIGKDD INTERNATIONAL CONFERENCE ON KNOWLEDGE DISCOVERY & DATA MINING,1,Zone 3
Journal of Taiwan Agricultural Engineering,1,Zone 3
Journal of Taiyuan University of Technology,1,Zone 3
Journal of The Institution of Engineers (India): Series B,1,Zone 3
JOURNAL OF THE AMERICAN PLANNING ASSOCIATION,1,Zone 3
Journal of Water and Climate Change,1,Zone 3
Journal of Wetlands Research,1,Zone 3
JOURNAL OF TECHNOLOGY IN HUMAN SERVICES,1,Zone 3
"Journal of Wireless Mobile Networks, Ubiquitous Computing, and Dependable Applications",1,Zone 3
Journal of the American Water Resources Association,1,Zone 3
JOURNAL OF SYSTEMS SCIENCE AND SYSTEMS ENGINEERING,1,Zone 3
Journal of the Architectural Institute of Korea,1,Zone 3
Journal of the Association for Information Science and Technology,1,Zone 3
JOURNAL OF SOUTH AMERICAN EARTH SCIENCES,1,Zone 3
Journal of the Earth and Space Physics,1,Zone 3
JOURNAL OF SEISMOLOGY,1,Zone 3
JOURNAL OF SEISMIC EXPLORATION,1,Zone 3
JOURNAL OF SCIENTIFIC & INDUSTRIAL RESEARCH,1,Zone 3
JOURNAL OF SAFETY SCIENCE AND RESILIENCE,1,Zone 3
JOURNAL OF REMOTE SENSING,1,Zone 3
JOURNAL OF PSYCHIATRIC RESEARCH,1,Zone 3
Journal of the Geological Society of India,1,Zone 3
JOURNAL OF PIPELINE SYSTEMS ENGINEERING AND PRACTICE,1,Zone 3
JOURNAL OF OPTICAL COMMUNICATIONS AND NETWORKING,1,Zone 3
Jurnal RESTI,1,Zone 3
JOURNAL OF NETWORK AND COMPUTER APPLICATIONS,1,Zone 3
MULTIMODAL IMAGE EXPLOITATION AND LEARNING 2021,1,Zone 3
"PROCEEDINGS OF THE 7TH ACM SIGSPATIAL INTERNATIONAL WORKSHOP ON AI FOR GEOGRAPHIC KNOWLEDGE DISCOVERY, GEOAI 2024",1,Zone 3
Machine Vision Inspection Systems,1,Zone 3
SUSTAINABLE FUTURES,1,Zone 3
SCIENTIFIC AFRICAN,1,Zone 3
SCIENCE OF REMOTE SENSING,1,Zone 3
SCIENCE CHINA-EARTH SCIENCES,1,Zone 3
SCIENCE ADVANCES,1,Zone 3
SANTE MENTALE AU QUEBEC,1,Zone 3
SAFETY SCIENCE,1,Zone 3
SAFETY,1,Zone 3
Robotics and Autonomous Systems,1,Zone 3
Revolutionising Crop Management Practices for Ensuring Food Security,1,Zone 3
Revista Geografica de Chile Terra Australis,1,Zone 3
Revista Facultad de Ingenieria,1,Zone 3
Revista Brasileira de Cartografia,1,Zone 3
"Resources, Conservation and Recycling",1,Zone 3
Resources Policy,1,Zone 3
Reshaping Environmental Science Through Machine Learning and IoT,1,Zone 3
Research Anthology on Managing Crisis and Risk Communications,1,Zone 3
Remote Sensing of Hydrometeorological Hazards,1,Zone 3
Remote Sensing for Geophysicists,1,Zone 3
Reliability Engineering and System Safety,1,Zone 3
Recent Advances in Computer Science and Communications,1,Zone 3
Railway Standard Design,1,Zone 3
Radiation Research,1,Zone 3
ROCK MECHANICS BULLETIN,1,Zone 3
SCIENTIFIC PROGRAMMING,1,Zone 3
SDHM Structural Durability and Health Monitoring,1,Zone 3
SENSING AND IMAGING,1,Zone 3
SPATIAL INFORMATION RESEARCH,1,Zone 3
"STRUCTURAL MONITORING AND MAINTENANCE, AN INTERNATIONAL JOURNAL",1,Zone 3
STRUCTURAL HEALTH MONITORING-AN INTERNATIONAL JOURNAL,1,Zone 3
STRUCTURAL CONTROL & HEALTH MONITORING,1,Zone 3
STRUCTURAL CONCRETE,1,Zone 3
"SSRR 2017 - 15th IEEE International Symposium on Safety, Security and Rescue Robotics, Conference",1,Zone 3
SSRG International Journal of Electronics and Communication Engineering,1,Zone 3
SPIN,1,Zone 3
SPIE FUTURE SENSING TECHNOLOGIES 2025,1,Zone 3
SPIE FUTURE SENSING TECHNOLOGIES (2020),1,Zone 3
SPECTROSCOPY AND SPECTRAL ANALYSIS,1,Zone 3
SOUTHEASTCON 2025,1,Zone 3
"SERVICE-ORIENTED COMPUTING, ICSOC 2020",1,Zone 3
SOUTHEASTCON 2024,1,Zone 3
SOUTHEASTCON 2021,1,Zone 3
SOUTHEASTCON 2017,1,Zone 3
SOFTWARE IMPACTS,1,Zone 3
SOCIAL NETWORK ANALYSIS AND MINING,1,Zone 3
SN APPLIED SCIENCES,1,Zone 3
SMART STRUCTURES AND SYSTEMS,1,Zone 3
"SIST 2025 - 2025 IEEE 5th International Conference on Smart Information Systems and Technologies, Conference Proceedings",1,Zone 3
"SIGNAL PROCESSING, SENSOR/INFORMATION FUSION, AND TARGET RECOGNITION XXXIII",1,Zone 3
SIGMA JOURNAL OF ENGINEERING AND NATURAL SCIENCES-SIGMA MUHENDISLIK VE FEN BILIMLERI DERGISI,1,Zone 3
REVISTA FACULTAD DE INGENIERIA-UNIVERSIDAD DE ANTIOQUIA,1,Zone 3
REVISTA DO SERVICO PUBLICO,1,Zone 3
RESEARCH CHALLENGES IN INFORMATION SCIENCE (RCIS 2020),1,Zone 3
"Proceedings of the 4th International Conference on Intelligent Computing, Information and Control Systems, ICOIICS 2025",1,Zone 3
Proceedings of the ACM SIGKDD International Conference on Knowledge Discovery and Data Mining,1,Zone 3
Proceedings of the ACCTHPA 2025 - Conference on 2025 Advanced Computing and Communication Technologies for High Performance Applications,1,Zone 3
Proceedings of the AAAI Conference on Artificial Intelligence,1,Zone 3
Proceedings of the 7th International Conference on Logistics and Systems Engineering 2017,1,Zone 3
"Proceedings of the 7th International Conference on Innovative Data Communication Technologies and Application, ICIDCA 2025",1,Zone 3
"Proceedings of the 6th International Conference on Inventive Research in Computing Applications, ICIRCA 2025",1,Zone 3
"Proceedings of the 5th International Conference on Data Intelligence and Cognitive Informatics, ICDICI 2024",1,Zone 3
"Proceedings of the 5th International Conference on Communication and Electronics Systems, ICCES 2020",1,Zone 3
"Proceedings of the 5th IEEE Global Humanitarian Technology Conference, GHTC 2015",1,Zone 3
"Proceedings of the 4th International Conference on Smart Electronics and Communication, ICOSEC 2023",1,Zone 3
"Proceedings of the 4th ACM SIGSPATIAL International Workshop on Analytics for Big Geospatial Data, BigSpatial 2015",1,Zone 3
Proceedings of the Human Factors and Ergonomics Society,1,Zone 3
"Proceedings of the 4th ACM SIGSPATIAL International Workshop on Advances in Resilient and Intelligent Cities, ARIC 2021",1,Zone 3
"Proceedings of the 37th International Symposium on Automation and Robotics in Construction, ISARC 2020: From Demonstration to Practical Use - To New Stage of Construction Robot",1,Zone 3
Proceedings of the 30th European Safety and Reliability Conference and the 15th Probabilistic Safety Assessment and Management Conference,1,Zone 3
"Proceedings of the 2nd International Conference on Intelligent Computing and Data Analysis, ICDA 2025",1,Zone 3
"Proceedings of the 2nd International Conference on Artificial Intelligence and Smart Energy, ICAIS 2022",1,Zone 3
"Proceedings of the 2nd IEEE International Conference on Networking and Communications 2024, ICNWC 2024",1,Zone 3
"Proceedings of the 2nd IEEE International Conference on Advances in Computing, Communication and Applied Informatics, ACCAI 2023",1,Zone 3
"Proceedings of the 2nd Guangdong-Hong Kong-Macao Greater Bay Area International  Conference on Digital Economy and Artificial Intelligence, DEAI 2025",1,Zone 3
"Proceedings of the 2nd ACM SIGSPATIAL International Workshop on GeoSpatial Simulation, GeoSim 2019",1,Zone 3
"Proceedings of the 28th International Conference of Hong Kong Society for Transportation Studies, HKSTS 2024: Technology and Service Innovation in Transportation",1,Zone 3
Proceedings of the Annual Offshore Technology Conference,1,Zone 3
"Proceedings of the IEEE International Conference on Big Data, BigData",1,Zone 3
REMOTE SENSING LETTERS,1,Zone 3
"Proceedings ot the 21st Pacific Asia Conference on Information Systems: ''Societal Transformation Through IS/IT'', PACIS 2017",1,Zone 3
"REMOTE SENSING FOR AGRICULTURE, ECOSYSTEMS, AND HYDROLOGY XXVI",1,Zone 3
"RECENT ADVANCES IN ENVIRONMENTAL SCIENCE FROM THE EURO-MEDITERRANEAN AND SURROUNDING REGIONS, 2ND EDITION, EMCEI-2",1,Zone 3
REAL-TIME IMAGE PROCESSING AND DEEP LEARNING 2021,1,Zone 3
RADIO SCIENCE,1,Zone 3
RADAR: Remote Sensing Data Analysis with Artificial Intelligence,1,Zone 3
Qinghua Daxue Xuebao/Journal of Tsinghua University,1,Zone 3
Qatar Medical Journal,1,Zone 3
QUATERNARY SCIENCE ADVANCES,1,Zone 3
QUARTERLY JOURNAL OF ENGINEERING GEOLOGY AND HYDROGEOLOGY,1,Zone 3
Progress in Landslide Research and Technology,1,Zone 3
Proceedings of the National Conference on Artificial Intelligence,1,Zone 3
"Proceedings of the IEEE International Conference on Computer and Communications, ICCC",1,Zone 3
Proceedings of the National Academy of Sciences of the United States of America,1,Zone 3
"Proceedings of the International Conferences on Big Data Analytics, Data Mining and Computational Intelligence 2024, BigDaCI 2024; Connected Smart Cities 2024, CSC 2024; and e-Health 2024, EH 2024",1,Zone 3
"Proceedings of the International Conference on Research in Computational Intelligence and Communication Networks, ICRCICN",1,Zone 3
"Proceedings of the International Conference on Multi-Agent Systems for Collaborative Intelligence, ICMSCI 2025",1,Zone 3
"Proceedings of the International Conference on Microelectronics, ICM",1,Zone 3
"Proceedings of the International Conference on Intelligent Computing and Control Systems, ICICCS 2025",1,Zone 3
"Proceedings of the International Conference on Information Technology and Electrical Engineering, ICITEE",1,Zone 3
"Proceedings of the International Conference on Electronics and Sustainable Communication Systems, ICESC 2020",1,Zone 3
Proceedings of the International Conference on Electronic Business (ICEB),1,Zone 3
"Proceedings of the International Conference on Electrical, Electronics, and Computer Science with Advance Power Technologies - A Future Trends, ICE2CPT 2025",1,Zone 3
SUSTAINABLE COMPUTING-INFORMATICS & SYSTEMS,1,Zone 3
SUSTAINABLE HORIZONS,1,Zone 3
Machine and Deep Learning Solutions for Achieving the Sustainable Development Goals,1,Zone 3
SYSTEMS,1,Zone 3
WANLP 2022 - 7th Arabic Natural Language Processing - Proceedings of the Workshop,1,Zone 3
"Vide. Tehnologija. Resursi - Environment, Technology, Resources",1,Zone 3
VISUAL COMPUTER,1,Zone 3
VIRTUAL REALITY & INTELLIGENT HARDWARE,1,Zone 3
VIETNAM JOURNAL OF EARTH SCIENCES,1,Zone 3
VFAST Transactions on Software Engineering,1,Zone 3
"VERIFICATION AND EVALUATION OF COMPUTER AND COMMUNICATION SYSTEMS, VECOS 2023",1,Zone 3
Urban Book Series,1,Zone 3
Unmanned Aircraft Systems,1,Zone 3
URBAN CLIMATE,1,Zone 3
UNCECOMP Proceedings,1,Zone 3
Tunnelling and Underground Space Technology,1,Zone 3
Tumu Gongcheng Xuebao/China Civil Engineering Journal,1,Zone 3
Trauma Team Dynamics: A Trauma Crisis Resource Management Manual,1,Zone 3
Trauma Monthly,1,Zone 3
Transportation Research Procedia,1,Zone 3
Transportation Research Part E: Logistics and Transportation Review,1,Zone 3
Transportation Research Part D: Transport and Environment,1,Zone 3
Transport Policy,1,Zone 3
"Transforming the Future of Infrastructure through Smarter Information - Proceedings of the International Conference on Smart Infrastructure and Construction, ICSIC 2016",1,Zone 3
"Transforming Industries, Empowering Societies: A Comprehensive Examination of Industry 5.0 and Society 5.0",1,Zone 3
Transactions on Emerging Telecommunications Technologies,1,Zone 3
Toxics,1,Zone 3
WATER AND ENVIRONMENT JOURNAL,1,Zone 3
WATER PRACTICE AND TECHNOLOGY,1,Zone 3
WATER SUPPLY,1,Zone 3
Water Scarcity Management: Towards the Application of Artificial Intelligence and Earth Observation Data,1,Zone 3
Zhendong yu Chongji/Journal of Vibration and Shock,1,Zone 3
Zhendong Gongcheng Xuebao/Journal of Vibration Engineering,1,Zone 3
Yingyong Jichu yu Gongcheng Kexue Xuebao/Journal of Basic Science and Engineering,1,Zone 3
Yi Qi Yi Biao Xue Bao/Chinese Journal of Scientific Instrument,1,Zone 3
Yerbilimleri/ Earth Sciences,1,Zone 3
Xinan Jiaotong Daxue Xuebao/Journal of Southwest Jiaotong University,1,Zone 3
World Earthquake Engineering,1,Zone 3
World Construction Symposium,1,Zone 3
Web Usage Mining Techniques and Applications Across Industries,1,Zone 3
Weather and Forecasting,1,Zone 3
Water Resources Development and Management,1,Zone 3
WEATHER CLIMATE AND SOCIETY,1,Zone 3
Water Research,1,Zone 3
"Water Environment Federation Technical Exhibition and Conference 2017, WEFTEC 2017",1,Zone 3
WWW'15 COMPANION: PROCEEDINGS OF THE 24TH INTERNATIONAL CONFERENCE ON WORLD WIDE WEB,1,Zone 3
"WMSCI 2018 - 22nd World Multi-Conference on Systemics, Cybernetics and Informatics, Proceedings",1,Zone 3
WIT Transactions on the Built Environment,1,Zone 3
WIT Transactions on Ecology and the Environment,1,Zone 3
WEFTEC 2023 - 96th Annual Water Environment Federation Technical Exhibition and Conference,1,Zone 3
WEB ENGINEERING (ICWE 2022),1,Zone 3
WEB CONFERENCE 2020: PROCEEDINGS OF THE WORLD WIDE WEB CONFERENCE (WWW 2020),1,Zone 3
WEB AND WIRELESS GEOGRAPHICAL INFORMATION SYSTEMS (W2GIS 2020),1,Zone 3
Total Environment Advances,1,Zone 3
Torrential Rain and Disasters,1,Zone 3
Theoretical and Applied Climatology,1,Zone 3
Soft Computing in Industry 5.0 for Sustainability,1,Zone 3
Studies in Big Data,1,Zone 3
"Structural Health Monitoring 2021: Enabling Next-Generation SHM for Cyber-Physical Systems - Proceedings of the 13th International Workshop on Structural Health Monitoring, IWSHM 2021",1,Zone 3
Structural Health Monitoring 2019: Enabling Intelligent Life-Cycle Health Management for Industry Internet of Things (IIOT) - Proceedings of the 12th International Workshop on Structural Health Monitoring,1,Zone 3
Structural Health Monitoring,1,Zone 3
Springer Series on Cultural Computing,1,Zone 3
Springer Series in Geomechanics and Geoengineering,1,Zone 3
Springer Proceedings in Mathematics and Statistics,1,Zone 3
Springer Proceedings in Earth and Environmental Sciences,1,Zone 3
Springer Proceedings in Business and Economics,1,Zone 3
Springer Geography,1,Zone 3
"Society of Petroleum Engineers - SPE Conference at Oman Petroleum and Energy Show, OPES 2025",1,Zone 3
Sustainability (Switzerland) ,1,Zone 3
"Society of Petroleum Engineers - Abu Dhabi International Petroleum Exhibition and Conference 2018, ADIPEC 2018",1,Zone 3
Social Media and the Transformation of Interaction in Society,1,Zone 3
Sensors (Switzerland),1,Zone 3
Sensor Imaging Systems for Real-Time Applications: Intelligent Solutions for Diverse Sectors,1,Zone 3
Seismological Research Letters,1,Zone 3
Scientific Reports,1,Zone 3
Scientific Culture,1,Zone 3
Science Talks,1,Zone 3
Science China Earth Sciences,1,Zone 3
Safety Science,1,Zone 3
Suicide in the Workplace: Coping Strategies for Employees,1,Zone 3
Sustainable Aviation,1,Zone 3
The Palgrave Handbook of Language and Crisis Communication in Sub-Saharan Africa,1,Zone 3
"TPM - Testing, Psychometrics, Methodology in Applied Psychology",1,Zone 3
The Handbook of AI for Clean Water: Innovations in Treatment and Monitoring,1,Zone 3
"Terrestrial, Atmospheric and Oceanic Sciences",1,Zone 3
Tectonophysics,1,Zone 3
Taiwan Water Conservancy,1,Zone 3
TROPICAL ECOLOGY,1,Zone 3
TROPICAL CYCLONE RESEARCH AND REVIEW,1,Zone 3
TRAVEL BEHAVIOUR AND SOCIETY,1,Zone 3
TRANSPORTATION RESEARCH PART E-LOGISTICS AND TRANSPORTATION REVIEW,1,Zone 3
TRANSPORTATION RESEARCH PART D-TRANSPORT AND ENVIRONMENT,1,Zone 3
TRANSPORTATION RESEARCH INTERDISCIPLINARY PERSPECTIVES,1,Zone 3
TOXICS,1,Zone 3
Sustainable Development Using Geospatial Techniques,1,Zone 3
TOHOKU JOURNAL OF EXPERIMENTAL MEDICINE,1,Zone 3
THIRTY-THIRD AAAI CONFERENCE ON ARTIFICIAL INTELLIGENCE / THIRTY-FIRST INNOVATIVE APPLICATIONS OF ARTIFICIAL INTELLIGENCE CONFERENCE / NINTH AAAI SYMPOSIUM ON EDUCATIONAL ADVANCES IN ARTIFICIAL INTELLIGENCE,1,Zone 3
"THIRTY-FIFTH AAAI CONFERENCE ON ARTIFICIAL INTELLIGENCE, THIRTY-THIRD CONFERENCE ON INNOVATIVE APPLICATIONS OF ARTIFICIAL INTELLIGENCE AND THE ELEVENTH SYMPOSIUM ON EDUCATIONAL ADVANCES IN ARTIFICIAL INTELLIGENCE",1,Zone 3
"THIRTY-EIGHTH AAAI CONFERENCE ON ARTIFICIAL INTELLIGENCE, VOL 38 NO 20",1,Zone 3
THIRD INTERNATIONAL CONFERENCE ON MULTIMEDIA INFORMATION PROCESSING AND RETRIEVAL (MIPR 2020),1,Zone 3
THEORETICAL AND APPLIED CLIMATOLOGY,1,Zone 3
TENCON 2015 - 2015 IEEE REGION 10 CONFERENCE,1,Zone 3
"TELEMATICS AND COMPUTING, WITCOM 2024, PT I",1,Zone 3
TECHNOLOGY IN SOCIETY,1,Zone 3
"Sustainable Digital Technologies: Trends, Impacts, and Assessments",1,Zone 3
"Proceedings of the 2025 Optical Communication, Photonics, Telecommunications, and Intelligent Machine Applications, OPTIMA 2025",1,Zone 3
"Proceedings of the 2025 International Conference on Machine Learning and Neural Networks, MLNN 2025",1,Zone 3
"Proceedings of the 2025 International Conference on Artificial Intelligence and Emerging Technology, Global AI Summit 2025",1,Zone 3
"Proceedings of the 2025 IEEE International Conference on Computation, Big-Data and Engineering, ICCBE 2025",1,Zone 3
"International Conference on Recent Advances in Science and Engineering Technology, ICRASET 2023",1,Zone 3
PROCEEDINGS OF THE 5TH INTERNATIONAL CONFERENCE ON COMPUTING & INFORMATICS,1,Zone 3
PROCEEDINGS OF THE 57TH ANNUAL HAWAII INTERNATIONAL CONFERENCE ON SYSTEM SCIENCES,1,Zone 3
"PROCEEDINGS OF THE 4TH ACM SIGSPATIAL INTERNATIONAL WORKSHOP ON AI FOR GEOGRAPHIC KNOWLEDGE DISCOVERY, GEOAI 2021",1,Zone 3
PROCEEDINGS OF THE 3RD INTERNATIONAL CONFERENCE ON COMMUNICATION AND INFORMATION PROCESSING (ICCIP 2017),1,Zone 3
PROCEEDINGS OF THE 39TH IAHR WORLD CONGRESS,1,Zone 3
"PROCEEDINGS OF THE 33RD ACM INTERNATIONAL CONFERENCE ON MULTIMEDIA, MM 2025",1,Zone 3
"PROCEEDINGS OF THE 33RD ACM INTERNATIONAL CONFERENCE ON INFORMATION AND KNOWLEDGE MANAGEMENT, CIKM 2024",1,Zone 3
"PROCEEDINGS OF THE 28TH ACM SIGKDD CONFERENCE ON KNOWLEDGE DISCOVERY AND DATA MINING, KDD 2022",1,Zone 3
"PROCEEDINGS OF THE 24TH INTERNATIONAL CONFERENCE ON DISTRIBUTED COMPUTING AND NETWORKING, ICDCN 2023",1,Zone 3
PROCEEDINGS OF THE 21ST ACM SYMPOSIUM ON DOCUMENT ENGINEERING (DOCENG '21),1,Zone 3
"PROCEEDINGS OF THE 2025 ACM CONFERENCE ON FAIRNESS, ACCOUNTABILITY, AND TRANSPARENCY, ACM FACCT 2025",1,Zone 3
"PROCEEDINGS OF THE 2024 10TH INTERNATIONAL CONFERENCE ON COMPUTING AND ARTIFICIAL INTELLIGENCE, ICCAI 2024",1,Zone 3
"PROCEEDINGS OF THE 2023 SIAM INTERNATIONAL CONFERENCE ON DATA MINING, SDM",1,Zone 3
PROCEEDINGS OF THE 2019 INTERNATIONAL CONFERENCE ON INTERNET OF THINGS DESIGN AND IMPLEMENTATION (IOTDI '19),1,Zone 3
PROCEEDINGS OF THE 2017 INTERNATIONAL CONFERENCE ON SMART TECHNOLOGIES FOR SMART NATION (SMARTTECHCON),1,Zone 3
"PROCEEDINGS OF THE 2017 2ND INTERNATIONAL CONFERENCE ON ELECTRICAL, CONTROL AND AUTOMATION ENGINEERING (ECAE 2017)",1,Zone 3
PROCEEDINGS OF THE 2016 3RD INTERNATIONAL CONFERENCE ON INFORMATION AND COMMUNICATION TECHNOLOGIES FOR DISASTER MANAGEMENT (ICT-DM),1,Zone 3
"PROCEEDINGS OF THE 1ST ACM SIGSPATIAL INTERNATIONAL WORKSHOP ON ADVANCES IN URBAN-AI, URBAN-AI 2023",1,Zone 3
PROCEEDINGS OF THE 10TH INTERNATIONAL CONFERENCE ON MANAGEMENT OF DIGITAL ECOSYSTEMS (MEDES'18),1,Zone 3
"PROCEEDINGS OF INTERNATIONAL CONFERENCE ON ALGORITHMS, SOFTWARE ENGINEERING, AND NETWORK SECURITY, ASENS 2024",1,Zone 3
"PROCEEDINGS OF ASME 2024 PRESSURE VESSELS & PIPING CONFERENCE, PVP2024, VOL 5",1,Zone 3
"PROCEEDINGS OF ASME 2023 PRESSURE VESSELS & PIPING CONFERENCE, PVP2023, VOL 2",1,Zone 3
"PROCEEDINGS OF THE 8TH INTERNATIONAL CONFERENCE ON NATURAL LANGUAGE PROCESSING AND INFORMATION RETRIEVAL, NLPIR 2024",1,Zone 3
PROCEEDINGS OF THE ACM ON HUMAN COMPUTER INTERACTION,1,Zone 3
"PROCEEDINGS OF THE ACM WEB CONFERENCE 2025, WWW 2025",1,Zone 3
PeerJ,1,Zone 3
"Proceedings - 1st International Conference on Frontier Technologies and Solutions, ICFTS 2025",1,Zone 3
"Proceeding of 2025 19th International Conference on Telecommunication Systems, Services, and Applications, TSSA 2025",1,Zone 3
"Proceeding - 2023 IEEE 3rd International Maghreb Meeting of the Conference on Sciences and Techniques of Automatic Control and Computer Engineering, MI-STA 2023",1,Zone 3
"Proceeding - 2023 2nd International Conference on Computer System, Information Technology, and Electrical Engineering: Sustainable Development for Smart Innovation System, COSITE 2023",1,Zone 3
"Proceeding - 2021 2nd International Conference on ICT for Rural Development, IC-ICTRuDev 2021",1,Zone 3
"Proceeding - 12th International Electrical Engineering Congress: Smart Factory and Intelligent Technology for Tomorrow, iEECON 2024",1,Zone 3
Planning Malaysia,1,Zone 3
Physics of Fluids,1,Zone 3
Physics and Chemistry of the Earth,1,Zone 3
PeerJ Computer Science,1,Zone 3
"Papers Presented at 20th International Symposium on Aerodynamics, Ventillation and Fire in Tunnels, ISAVFT 2024",1,Zone 3
"PROCEEDINGS OF THE CANADIAN SOCIETY OF CIVIL ENGINEERING ANNUAL CONFERENCE 2022, VOL 4, CSCE 2022",1,Zone 3
PUBLIC ORGANIZATION REVIEW,1,Zone 3
PSYCHOLOGICAL TRAUMA-THEORY RESEARCH PRACTICE AND POLICY,1,Zone 3
PSYCH JOURNAL,1,Zone 3
PROCESSES,1,Zone 3
"PROCEEDINGS OF THE TWENTIETH ACM CONFERENCE ON EMBEDDED NETWORKED SENSOR SYSTEMS, SENSYS 2022",1,Zone 3
PROCEEDINGS OF THE THIRTY-FOURTH INTERNATIONAL JOINT CONFERENCE ON ARTIFICIAL INTELLIGENCE (IJCAI 2025),1,Zone 3
"PROCEEDINGS OF THE INTERNATIONAL CONFERENCE ON DISTRIBUTED COMPUTING AND NETWORKING 2025, ICDCN 2025",1,Zone 3
PROCEEDINGS OF THE INDIAN NATIONAL SCIENCE ACADEMY,1,Zone 3
PROCEEDINGS OF THE IEEE,1,Zone 3
PROCEEDINGS OF THE FIFTH IEEE GLOBAL HUMANITARIAN TECHNOLOGY CONFERENCE GHTC 2015,1,Zone 3
"PROCEEDINGS OF 2024 IEEE/IFIP NETWORK OPERATIONS AND MANAGEMENT SYMPOSIUM, NOMS 2024",1,Zone 3
PROCEEDINGS OF 2021 IEEE 12TH INTERNATIONAL CONFERENCE ON SOFTWARE ENGINEERING AND SERVICE SCIENCE (ICSESS),1,Zone 3
PROCEEDINGS OF 2019 INTERNATIONAL CONFERENCE ON COMPUTATIONAL INTELLIGENCE AND KNOWLEDGE ECONOMY (ICCIKE' 2019),1,Zone 3
"NILES 2021 - 3rd Novel Intelligent and Leading Emerging Sciences Conference, Proceedings",1,Zone 3
Nature Communications ,1,Zone 3
Nature Climate Change,1,Zone 3
"Natural and Man-made Catastrophes–Theories, Economics, and Policy Designs",1,Zone 3
National Science Review,1,Zone 3
Nanotechnology-Based Smart Remote Sensing Networks for Disaster Prevention,1,Zone 3
Nanotechnology Perceptions,1,Zone 3
NURSE EDUCATION IN PRACTICE,1,Zone 3
NUCLEAR SCIENCE AND ENGINEERING,1,Zone 3
NPJ CLIMATE AND ATMOSPHERIC SCIENCE,1,Zone 3
"NONDESTRUCTIVE CHARACTERIZATION AND MONITORING OF ADVANCED MATERIALS, AEROSPACE, CIVIL INFRASTRUCTURE, AND TRANSPORTATION XIX",1,Zone 3
NATURE,1,Zone 3
New England Journal of Medicine,1,Zone 3
NATURAL LANGUAGE ENGINEERING,1,Zone 3
"NATURAL GEO-DISASTERS AND RESILIENCY, CREST 2023",1,Zone 3
"Modelling and Simulation 2025 - 39th Annual European Simulation and Modelling Conference 2025, ESM 2025",1,Zone 3
"MobiSys 2022 - Proceedings of the 2022 20th Annual International Conference on Mobile Systems, Applications and Services",1,Zone 3
Mitigation and Adaptation Strategies for Global Change,1,Zone 3
MethodsX,1,Zone 3
Meteorology and Atmospheric Physics,1,Zone 3
Meteorological Applications,1,Zone 3
Meitan Xuebao/Journal of the China Coal Society,1,Zone 3
Medical Journal Armed Forces India,1,Zone 3
Nature Environment and Pollution Technology,1,Zone 3
Numerical Methods in Civil Engineering,1,Zone 3
PREHOSPITAL AND DISASTER MEDICINE,1,Zone 3
"PATTERN RECOGNITION, ICPR 2024, PT V",1,Zone 3
POPULATION HEALTH METRICS,1,Zone 3
POLICIJA I SIGURNOST-POLICE AND SECURITY,1,Zone 3
PLOS WATER,1,Zone 3
PLOS GLOBAL PUBLIC HEALTH,1,Zone 3
PLOS DIGITAL HEALTH,1,Zone 3
PLOS CLIMATE,1,Zone 3
PLANTS-BASEL,1,Zone 3
PLANT SCIENCE TODAY,1,Zone 3
"PFG - Journal of Photogrammetry, Remote Sensing and Geoinformation Science",1,Zone 3
PEERJ COMPUTER SCIENCE,1,Zone 3
PADDY AND WATER ENVIRONMENT,1,Zone 3
OCEAN SCIENCE JOURNAL,1,Zone 3
PACIFIC ASIA CONFERENCE ON INFORMATION SYSTEMS - PACIS 2021,1,Zone 3
"Optoelectronics, Instrumentation and Data Processing",1,Zone 3
"Open Government: Concepts, Methodologies, Tools, and Applications",1,Zone 3
Oceans Conference Record (IEEE),1,Zone 3
Ocean and Coastal Management,1,Zone 3
OPTIMIZATION LETTERS,1,Zone 3
OPTICAL SWITCHING AND NETWORKING,1,Zone 3
OPEN GEOSCIENCES,1,Zone 3
ONLINE SOCIAL NETWORKS AND MEDIA,1,Zone 3
OCEANS 2021: SAN DIEGO - PORTO,1,Zone 3
"Proceedings - 2015 IEEE/ACM 19th International Symposium on Distributed Simulation and Real Time Applications, DS-RT 2015",1,Zone 3
"Proceedings - 2016 International Conference on Information System and Artificial Intelligence, ISAI 2016",1,Zone 3
"Proceedings - 2017 2nd International Conferences on Information Technology, Information Systems and Electrical Engineering, ICITISEE 2017",1,Zone 3
"Proceedings of 2025 3rd International Conference on Intelligent Systems, Advanced Computing, and Communication, ISACC 2025",1,Zone 3
"Proceedings of 5th International Conference on Evolutionary Computing and Mobile Sustainable Networks, ICECMSN 2025",1,Zone 3
"Proceedings of 5th International Conference on Contemporary Computing and Informatics, IC3I 2022",1,Zone 3
"Proceedings of 3rd International Conference on Intelligent Cyber Physical Systems and Internet of Things, ICoICI 2025",1,Zone 3
"Proceedings of 3rd International Conference on Augmented Intelligence and Sustainable Systems, ICAISS 2025",1,Zone 3
"Proceedings of 3rd IEEE International Conference on Knowledge Engineering and Communication Systems, ICKECS 2025",1,Zone 3
"Proceedings of 2025 International Conference on Information Management and Technology, ICIMTech 2025",1,Zone 3
"Proceedings of 2025 International Conference on Emerging Trends in Industry 4.0 Technologies, ICETI4T 2025",1,Zone 3
"Proceedings of 2025 International Conference on Computing for Sustainability and Intelligent Future, COMP-SIF 2025",1,Zone 3
"Proceedings of 2025 9th International Conference on Electronic Information Technology and Computer Engineering, EITCE 2025",1,Zone 3
"Proceedings of 2025 6th International Conference on Computer Information and Big Data Applications, CIBDA 2025",1,Zone 3
"Proceedings of 2025 2nd International Symposium on AI and Cybersecurity, ISAICS 2025",1,Zone 3
"Proceedings of 5th International Conference on Soft Computing for Security Applications, ICSCSA 2025",1,Zone 3
"Proceedings of 2025 11th International Conference on Wireless and Telematics, ICWT 2025",1,Zone 3
"Proceedings of 2024 International Conference on Information Management and Technology, ICIMTech 2024",1,Zone 3
"Proceedings of 2023 IEEE 3rd International Conference on Information Technology, Big Data and Artificial Intelligence, ICIBA 2023",1,Zone 3
"Proceedings of 2022 6th Asian Conference on Artificial Intelligence Technology, ACAIT 2022",1,Zone 3
"Proceedings of 2020 IEEE International Conference on Artificial Intelligence and Computer Applications, ICAICA 2020",1,Zone 3
"Proceedings of 2019 IEEE 8th Joint International Information Technology and Artificial Intelligence Conference, ITAIC 2019",1,Zone 3
Proceedings - iEECON 2025: 2025 13th International Electrical Engineering Congress: Carbon Neutrality: Challenges and Solutions Based on Sustainable Power of Nature,1,Zone 3
"Proceedings - International Electronics Symposium on Knowledge Creation and Intelligent Computing, IES-KCIC 2017",1,Zone 3
"Proceedings - International Conference on Tools with Artificial Intelligence, ICTAI",1,Zone 3
"Proceedings - International Conference on Information Science and Communications Technologies - Applications, Trends and Opportunities, ICISCT 2024",1,Zone 3
"Proceedings of 5th International Conference on IoT Based Control Networks and Intelligent Systems, ICICNIS 2024",1,Zone 3
"Proceedings of 8th IEEE International Conference on Science, Technology, Engineering and Mathematics, ICONSTEM 2023",1,Zone 3
Proceedings - International Conference on Computational Intelligence and Networks,1,Zone 3
"Proceedings of the 2017 International Conference On Smart Technology for Smart Nation, SmartTechCon 2017",1,Zone 3
"Proceedings of the 2025 IEEE 32nd International Conference on Electronics, Electrical Engineering and Computing, INTERCON 2025",1,Zone 3
"Proceedings of the 2025 2nd International Conference on Modeling, Natural Language Processing and Machine Learning, CMNM 2025",1,Zone 3
"Proceedings of the 2025 1st International Conference on Advances in Engineering and Computing Technologies for Sustainable Development, AECTSD 2025",1,Zone 3
"Proceedings of the 2025 12th International Conference on Computing for Sustainable Global Development, INDIACom 2025",1,Zone 3
"Proceedings of the 2025 11th International Conference on Communication and Signal Processing, ICCSP 2025",1,Zone 3
"Proceedings of the 2024 International Conference on Innovative Computing, Intelligent Communication and Smart Electrical Systems, ICSES 2024",1,Zone 3
"Proceedings of the 2024 IEEE International Conference on Progress in Informatics and Computing, PIC 2024",1,Zone 3
"Proceedings of the 2024 IEEE International Conference on Industry 4.0, Artificial Intelligence, and Communications Technology, IAICT 2024",1,Zone 3
"Proceedings of the 2023 International Conference on Intelligent Systems for Communication, IoT and Security, ICISCoIS 2023",1,Zone 3
"Proceedings of the 2022 International Conference on Innovative Computing, Intelligent Communication and Smart Electrical Systems, ICSES 2022",1,Zone 3
"Proceedings of the 2017 IEEE/ACM International Conference on Advances in Social Networks Analysis and Mining, ASONAM 2017",1,Zone 3
"Proceedings of 9th International Conference on Science, Technology, Engineering and Mathematics: The Role of Emerging Technologies in Digital Transformation, ICONSTEM 2024",1,Zone 3
"Proceedings of the 2016 3rd International Conference on Information and Communication Technologies for Disaster Management, ICT-DM 2016",1,Zone 3
"Proceedings of International Conference on Sustainable Communication Networks and Application, ICSCN 2025",1,Zone 3
"Proceedings of International Conference on Modern Sustainable Systems, CMSS 2025",1,Zone 3
"Proceedings of International Conference on Emerging Technologies and Innovation for Sustainability, EmergIN 2024",1,Zone 3
"Proceedings of International Conference on Digital Innovations for Sustainable Solutions, ICDISS 2025",1,Zone 3
"Proceedings of International Conference on Contemporary Computing and Informatics, IC3I 2023",1,Zone 3
"Proceedings of International Conference on Computing, Communication, Security and Intelligent Systems, IC3SIS 2022",1,Zone 3
"Proceedings of International Conference on Communication, Computer Sciences and Engineering, IC3SE 2024",1,Zone 3
"Proceedings of IEEE International Conference on Signal Processing,Computing and Control",1,Zone 3
"Proceedings of IEEE Asia-Pacific Conference on Computer Science and Data Engineering, CSDE 2022",1,Zone 3
Proceedings - International Conference on Distributed Computing Systems,1,Zone 3
"Proceedings - International Conference on Applied Artificial Intelligence and Computing, ICAAIC 2022",1,Zone 3
"Proceedings - 2017 IEEE International Conference on Big Data, Big Data 2017",1,Zone 3
"Proceedings - 2022 International Conference on Computer Applications Technology, CCAT 2022",1,Zone 3
"Proceedings - 2024 OITS International Conference on Information Technology, OCIT 2024",1,Zone 3
"Proceedings - 2024 International Conference on Information Technology, Communication Ecosystem and Management, ITCEM 2024",1,Zone 3
"Proceedings - 2024 IEEE International Conference on Future Machine Learning and Data Science, FMLDS 2024",1,Zone 3
"Proceedings - 2024 Asia-Pacific Conference on Software Engineering, Social Network Analysis and Intelligent Computing, SSAIC 2024",1,Zone 3
"Proceedings - 2024 7th Asia Conference on Cognitive Engineering and Intelligent lnteraction, CEII 2024",1,Zone 3
"Proceedings - 2024 2nd International Conference on Advanced Computing and Communication Technologies, ICACCTech 2024",1,Zone 3
"Proceedings - 2024 14th International Conference on Software Technology and Engineering, ICSTE 2024",1,Zone 3
"Proceedings - 2024 13th IEEE International Conference on Communication Systems and Network Technologies, CSNT 2024",1,Zone 3
"Proceedings - 2023 International Conference on Cyberworlds, CW 2023",1,Zone 3
"Proceedings - 2022 International Conference on Data Analytics, Computing and Artificial Intelligence, ICDACAI 2022",1,Zone 3
"Proceedings - 2022 9th International Conference on Information Technology, Computer and Electrical Engineering, ICITACEE 2022",1,Zone 3
"Proceedings - 2025 21st International Asian School-Seminar on Optimization Problems of Complex Systems, OPCS 2025",1,Zone 3
"Proceedings - 2022 2nd International Signal Processing, Communications and Engineering Management Conference, ISPCEM 2022",1,Zone 3
"Proceedings - 2021 International Symposium on Advances in Informatics, Electronics and Education, ISAIEE 2021",1,Zone 3
"Proceedings - 2021 IEEE 4th International Conference on Computing and Information Sciences, ICCIS 2021",1,Zone 3
"Proceedings - 2021 IEEE 45th Annual Computers, Software, and Applications Conference, COMPSAC 2021",1,Zone 3
"Proceedings - 2020 6th International Conference on Big Data and Information Analytics, BigDIA 2020",1,Zone 3
"Proceedings - 2019 IEEE 5th International Conference on Multimedia Big Data, BigMM 2019",1,Zone 3
"Proceedings - 2019 IEEE 5th International Conference on Collaboration and Internet Computing, CIC 2019",1,Zone 3
"Proceedings - 2018 International Conference on Computational Science and Computational Intelligence, CSCI 2018",1,Zone 3
"Proceedings - 2018 IEEE International Conference on Smart Computing, SMARTCOMP 2018",1,Zone 3
"Proceedings - 2018 3rd International Conference On Internet of Things: Smart Innovation and Usages, IoT-SIU 2018",1,Zone 3
"Proceedings - 2025 11th International Conference on Computing and Artificial Intelligence, ICCAI 2025",1,Zone 3
"Proceedings - 2025 24th International Conference on Machine Learning and Applications, ICMLA 2025",1,Zone 3
Proceedings - IWBIS 2021: 6th International Workshop on Big Data and Information Security,1,Zone 3
"Proceedings - 4th International Conference on Applied Computing and Information Technology, 3rd International Conference on Computational Science/Intelligence and Applied Informatics, 1st International Conference on Big Data, Cloud Computing, Data Science and Engineering, ACIT-CSII-BCD 2016",1,Zone 3
Proceedings - IEEE Symposium on Computers and Communications,1,Zone 3
"Proceedings - IEEE International Conference on Advances in Computing, Communication and Applied Informatics, ACCAI 2022",1,Zone 3
"Proceedings - IEEE 2023 5th International Conference on Advances in Computing, Communication Control and Networking, ICAC3N 2023",1,Zone 3
"Proceedings - IEEE 10th International Conference on Smart Structures and Systems, ICSSS 2025",1,Zone 3
Proceedings - EUROCON 2025: 21st International Conference on Smart Technologies,1,Zone 3
"Proceedings - 7th International Conference on Computational Intelligence, Communication Systems and Networks, CICSyN 2015",1,Zone 3
"Proceedings - 6th International Conference on Informatics, Multimedia, Cyber and Information System, ICIMCIS 2024",1,Zone 3
"Proceedings - 5th International Conference on Smart Systems and Inventive Technology, ICSSIT 2023",1,Zone 3
"Proceedings - 5th International Conference on Intelligent Computing and Control Systems, ICICCS 2021",1,Zone 3
"Proceedings - 4th International Conference on Technological Advancements in Computational Sciences, ICTACS 2024",1,Zone 3
"Proceedings - 3rd IEEE India Council International Subsections Conference: Impactful Innovations for Benefits of Society and Industry, INDISCON 2022",1,Zone 3
"Proceedings - 2025 4th International Conference on Advanced Electronics, Electrical and Green Energy, AEEGE 2025",1,Zone 3
"Proceedings - 39th Asian Conference on Remote Sensing: Remote Sensing Enabling Prosperity, ACRS 2018",1,Zone 3
"Proceedings - 2025 International Conference on Recent Innovation in Science Engineering and Technology, ICRISET 2025",1,Zone 3
"Proceedings - 2025 International Conference on Emerging Information Technology and Engineering Solutions, EITES 2025",1,Zone 3
"Proceedings - 2025 International Conference on Digital Analysis and Processing, Intelligent Computation, DAPIC 2025",1,Zone 3
"Proceedings - 2025 IEEE World Forum on Public Safety Technology, WF-PST 2025",1,Zone 3
"Proceedings - 2025 IEEE Smart World Congress, SWC 2025, 2025 IEEE Ubiquitous Intelligence and Computing, Autonomous and Trusted Computing, Digital Twin, Metaverse, Scalable Computing and Communications",1,Zone 3
"Proceedings - 2025 IEEE 25th International Symposium on Cluster, Cloud and Internet Computing Workshops, CCGridW 2025",1,Zone 3
"Proceedings - 2025 8th International Seminar on Research of Information Technology and Intelligent Systems, ISRITI 2025",1,Zone 3
"Proceedings - 2025 5th International Conference on Expert Clouds and Applications, ICOECA 2025",1,Zone 3
"Proceedings - 2025 5th Asia Conference on Information Engineering, ACIE 2025",1,Zone 3
"International Conference on Robotics and Automation for Humanitarian Applications, RAHA 2016 - Conference Proceedings",1,Zone 3
"10TH INTERNATIONAL CONFERENCE ON ELECTRONICS, COMPUTING AND COMMUNICATION TECHNOLOGIES, CONECCT 2024",1,Zone 3
International Conference on Pattern Recognition Applications and Methods,1,Zone 3
"2025 International Conference on Artificial Intelligence and Data Engineering, AIDE 2025 - Proceedings",1,Zone 3
"2025 INTERNATIONAL WIRELESS COMMUNICATIONS AND MOBILE COMPUTING, IWCMC",1,Zone 3
"2025 INTERNATIONAL JOINT CONFERENCE ON NEURAL NETWORKS, IJCNN",1,Zone 3
"2025 INTERNATIONAL CONFERENCE ON ACTIVITY AND BEHAVIOR COMPUTING, ABC",1,Zone 3
2025 IEEE/CVF WINTER CONFERENCE ON APPLICATIONS OF COMPUTER VISION (WACV),1,Zone 3
"2025 IEEE/CVF INTERNATIONAL CONFERENCE ON COMPUTER VISION WORKSHOPS, ICCVW",1,Zone 3
"2025 IEEE/ACIS 23rd International Conference on Software Engineering Research, Management and Applications, SERA 2025 - Proceedings",1,Zone 3
"2025 IEEE WORLD AI IOT CONGRESS, AIIOT",1,Zone 3
"2025 IEEE TECHNOLOGY AND ENGINEERING MANAGEMENT SOCIETY CONFERENCE-GLOBAL, TEMSCON GLOBAL",1,Zone 3
"2025 IEEE Pune Section International Conference, PuneCon 2025",1,Zone 3
"2025 IEEE Microwaves, Antennas, and Propagation Conference, MAPCON 2025",1,Zone 3
"2025 IEEE International Conference on Power System and Smart Grid Technologies, PSSGT 2025",1,Zone 3
"2025 IEEE International Conference on Advanced Computing Technologies, ICACT 2025",1,Zone 3
"2025 IEEE INTERNATIONAL SYMPOSIUM ON SAFETY SECURITY RESCUE ROBOTICS, SSRR",1,Zone 3
"2025 IEEE INTERNATIONAL PARALLEL AND DISTRIBUTED PROCESSING SYMPOSIUM, IPDPS",1,Zone 3
"2025 IEEE INTERNATIONAL CONFERENCE ON INFORMATION REUSE AND INTEGRATION AND DATA SCIENCE, IRI",1,Zone 3
"2025 IEEE INTERNATIONAL CONFERENCE ON IMAGE PROCESSING WORKSHOPS, ICIPW",1,Zone 3
"2025 IEEE INTERNATIONAL CONFERENCE ON AEROSPACE ELECTRONICS AND REMOTE SENSING TECHNOLOGY, ICARES",1,Zone 3
"2025 IEEE GREEN TECHNOLOGIES CONFERENCE, GREENTECH",1,Zone 3
"2025 IEEE GLOBAL HUMANITARIAN TECHNOLOGY CONFERENCE, GHTC",1,Zone 3
"2025 IEEE CONFERENCE ON VIRTUAL REALITY AND 3D USER INTERFACES ABSTRACTS AND WORKSHOPS, VRW",1,Zone 3
"2025 IEEE 7th International Conference on Energy, Power and Grid, ICEPG 2025",1,Zone 3
"2025 IEEE 7th International Conference on Computing, Communication and Automation, ICCCA 2025",1,Zone 3
"2025 IEEE 6th KhPI Week on Advanced Technology, KhPIWeek 2025",1,Zone 3
"2025 International Conference on Advances in Technology and Computing, ICATC 2025",1,Zone 3
"2025 International Conference on Artificial Intelligence and Education, ICAIE 2025",1,Zone 3
"International Conference on Intelligent Systems and Computational Networks, ICISCN 2025",1,Zone 3
"2025 International Conference on Artificial Intelligence and Engineering Management, ICAIEM 2025",1,Zone 3
27TH CIPA INTERNATIONAL SYMPOSIUM: DOCUMENTING THE PAST FOR A BETTER FUTURE,1,Zone 3
27TH AGILE CONFERENCE ON GEOGRAPHIC INFORMATION SCIENCE GEOGRAPHIC INFORMATION SCIENCE FOR A SUSTAINABLE FUTURE,1,Zone 3
27TH ACM SIGSPATIAL INTERNATIONAL CONFERENCE ON ADVANCES IN GEOGRAPHIC INFORMATION SYSTEMS (ACM SIGSPATIAL GIS 2019),1,Zone 3
20TH IEEE INTERNATIONAL CONFERENCE ON DATA MINING WORKSHOPS (ICDMW 2020),1,Zone 3
"2025 World Conference on Cutting-Edge Science and Technology, WCCEST 2025",1,Zone 3
"2025 SEVENTH INTERNATIONAL CONFERENCE ON COMPUTATIONAL INTELLIGENCE AND COMMUNICATION TECHNOLOGIES, CCICT",1,Zone 3
"2025 Photonics and Electromagnetics Research Symposium - Spring, PIERS-Spring 2025 - Proceedings",1,Zone 3
"2025 MEDICAL TECHNOLOGIES CONGRESS, TIPTEKNO",1,Zone 3
"2025 Joint International Conference on Automation-Intelligence-Safety, ICAIS 2025 and International Symposium on Autonomous Systems, ISAS 2025",1,Zone 3
"2025 International Conference on Signal Processing and Communication Technology, SPCT 2025",1,Zone 3
"2025 International Conference on Recent Advances in Electrical, Electronics, Ubiquitous Communication, and Computational Intelligence, RAEEUCCI 2025",1,Zone 3
"2025 International Conference on Metaverse and Current Trends in Computing, ICMCTC 2025",1,Zone 3
"2025 International Conference on Intelligent and Secure Engineering Solutions, CISES 2025",1,Zone 3
"2025 International Conference on Intelligent Control, Computing and Communications, IC3 2025",1,Zone 3
"2025 International Conference on Intelligent Computer Systems, Data Science and Applications, IC2SDA 2025",1,Zone 3
"2025 International Conference on Information, Implementation, and Innovation in Technology, I2ITCON 2025",1,Zone 3
"2025 International Conference on ICT for Smart Society, ICISS 2025",1,Zone 3
"2025 International Conference on Horizons of Information Technology and Engineering, HITE 2025 - Proceedings",1,Zone 3
"2025 International Conference on Emerging Trends in Networks and Computer Communications, ETNCC 2025 - Proceedings",1,Zone 3
"2025 International Conference on Emerging Smart Computing and Informatics, ESCI 2025",1,Zone 3
"2025 International Conference on Electrical, Computer and Communication Engineering, ECCE 2025",1,Zone 3
"2025 International Conference on Electrical and Electronics Engineering, ICE3 2025",1,Zone 3
"2025 International Conference on Cognitive Computing in Engineering, Communications, Sciences and Biomedical Health Informatics, IC3ECSBHI 2025",1,Zone 3
"2025 IEEE 6th Global Conference for Advancement in Technology, GCAT 2025",1,Zone 3
"2025 IEEE 6th Annual World AI IoT Congress, AIIoT 2025",1,Zone 3
"2025 IEEE 5th International Conference on Computer Communication and Artificial Intelligence, CCAI 2025",1,Zone 3
"2025 IEEE 3rd International Conference on Image Processing and Computer Applications, ICIPCA 2025",1,Zone 3
"2025 4th International Conference on Communication, Computing and Digital Systems, C-CODE 2025",1,Zone 3
"2025 4th International Conference on Artificial Intelligence, Human-Computer Interaction and Robotics, AIHCIR 2025",1,Zone 3
"2025 3rd World Conference on Communication and Computing, WCONF 2025",1,Zone 3
"2025 3rd International Conference on Computer, Vision and Intelligent Technology, ICCVIT 2025 - Proceedings",1,Zone 3
"2025 3rd International Conference on Communication, Security, and Artificial Intelligence, ICCSAI 2025",1,Zone 3
"2025 34TH IEEE INTERNATIONAL CONFERENCE ON ROBOT AND HUMAN INTERACTIVE COMMUNICATION, RO-MAN",1,Zone 3
"2025 33RD SIGNAL PROCESSING AND COMMUNICATIONS APPLICATIONS CONFERENCE, SIU",1,Zone 3
"2025 30th Asia-Pacific Conference on Communications, APCC 2025",1,Zone 3
"2025 2nd International Conference on Next-Generation Computing, IoT and Machine Learning, NCIM 2025",1,Zone 3
"2025 2nd International Conference on Computing and Data Science, ICCDS 2025",1,Zone 3
"2025 2nd International Conference on Computational Intelligence, Communication Technology and Networking, CICTN 2025",1,Zone 3
"2025 2nd International Conference on Circuits, Power, and Intelligent Systems, CCPIS 2025",1,Zone 3
"2025 2nd IEEE International Conference for Women in Computing, InCoWoCo 2025",1,Zone 3
"2025 25TH INTERNATIONAL CONFERENCE ON DIGITAL SIGNAL PROCESSING, DSP",1,Zone 3
"2025 1st International Conference on Data Science and Geoinformatics, ICDSG 2025",1,Zone 3
"2025 1st International Conference on AIML-Applications for Engineering and Technology, ICAET 2025",1,Zone 3
"2025 17th IEEE International Conference on Computational Intelligence and Communication Networks, CICN 2025",1,Zone 3
"2025 17TH INTERNATIONAL CONFERENCE ON KNOWLEDGE AND SYSTEM ENGINEERING, KSE",1,Zone 3
"2025 14TH INTERNATIONAL CONFERENCE ON MODERN CIRCUITS AND SYSTEMS TECHNOLOGIES, MOCAST",1,Zone 3
"2025 13TH ASIA-PACIFIC INTERNATIONAL CONFERENCE ON LIGHTNING, APL",1,Zone 3
"2025 11th International Conference on Optimization and Applications, ICOA 2025 - Proceedings",1,Zone 3
"2024 International Telecommunications Conference, ITC-Egypt 2024",1,Zone 3
"2024 International Symposium on Networks, Computers and Communications, ISNCC 2024",1,Zone 3
"2025 5th International Conference on Advancement in Electronics and Communication Engineering, AECE 2025",1,Zone 3
"2025 5th International Conference on Advances in Electrical, Computing, Communication and Sustainable Technologies, ICAECT 2025",1,Zone 3
"2025 5th International Conference on Artificial Intelligence and Industrial Technology Applications, AIITA 2025",1,Zone 3
"2025 8th International Conference on Signal Processing and Information Security, ICSPIS 2025",1,Zone 3
"2025 IEEE 2nd International Conference on Electrical, Electronics, Communication and Computers, ELEXCOM 2025",1,Zone 3
"2025 IEEE 26TH INTERNATIONAL SYMPOSIUM ON A WORLD OF WIRELESS, MOBILE AND MULTIMEDIA NETWORKS, WOWMOM",1,Zone 3
"2025 IEEE 24TH INTERNATIONAL CONFERENCE ON TRUST, SECURITY AND PRIVACY IN COMPUTING AND COMMUNICATIONS, TRUSTCOM",1,Zone 3
"2025 IEEE 1st International Conference on Innovations in Engineering and Next-Generation Technologies for Sustainability, ICINVENTS 2025",1,Zone 3
"2025 IEEE 19TH INTERNATIONAL CONFERENCE ON APPLICATION OF INFORMATION AND COMMUNICATION TECHNOLOGIES, AICT",1,Zone 3
"2025 IEEE 18TH PACIFIC VISUALIZATION CONFERENCE, PACIFICVIS",1,Zone 3
"2025 IEEE 16TH ANNUAL UBIQUITOUS COMPUTING, ELECTRONICS & MOBILE COMMUNICATION CONFERENCE, UEMCON",1,Zone 3
"2025 IEEE 11TH INTERNATIONAL CONFERENCE ON NETWORK SOFTWARIZATION, NETSOFT",1,Zone 3
"2025 Global Conference in Emerging Technology, GINOTECH 2025",1,Zone 3
"2025 Control Instrumentation System Conference, CISCON 2025",1,Zone 3
"2025 8th International Conference on Advanced Algorithms and Control Engineering, ICAACE 2025",1,Zone 3
"2025 5th International Conference on Artificial Intelligence, Automation and High Performance Computing, AIAHPC 2025",1,Zone 3
"2025 7th International Conference on Information Systems and Computer Networks, ISCON 2025",1,Zone 3
"2025 7TH EXPERIMENT@ INTERNATIONAL CONFERENCE, EXP.AT'25",1,Zone 3
"2025 6th International Conference on Pattern Recognition and Machine Learning, PRML 2025",1,Zone 3
"2025 6th International Conference on Geology, Mapping and Remote Sensing, ICGMRS 2025",1,Zone 3
"2025 6th International Conference on Big Data, Artificial Intelligence and Internet of Things Engineering, ICBAIE 2025",1,Zone 3
"2025 6th International Conference on Artificial Intelligence and Data Sciences: From Insights To Impact: Leveraging AI And Data Science For Strategic Decisions, AiDAS 2025 - Conference Proceedings",1,Zone 3
"2025 6TH INTERNATIONAL CONFERENCE ON MACHINE LEARNING AND HUMAN-COMPUTER INTERACTION, MLHMI",1,Zone 3
"2025 5th International Conference on Intelligent Technologies, CONIT 2025",1,Zone 3
"2025 5th International Conference on Intelligent Power and Systems, ICIPS 2025",1,Zone 3
"2025 5th International Conference on Emerging Research in Electronics, Computer Science and Technology, ICERECT 2025",1,Zone 3
"2nd IEEE International Conference on Artificial Intelligence, ICAI 2022",1,Zone 3
"2nd IEEE International Conference on New Technologies of Information and Communication, NTIC 2022 - Proceeding",1,Zone 3
"2nd International Conference on Advanced Technology in Electronic and Electrical Engineering, ICATEEE 2025",1,Zone 3
ACTA PHOTONICA SINICA,1,Zone 3
ALTERNATIVES,1,Zone 3
ALGORITHMS,1,Zone 3
AIMS GEOSCIENCES,1,Zone 3
"AIAA Science and Technology Forum and Exposition, AIAA SciTech Forum 2022",1,Zone 3
AIAA SCITECH 2022 FORUM,1,Zone 3
AIAA Infotech at Aerospace,1,Zone 3
"AIAA Aviation Forum and ASCEND, 2024",1,Zone 3
AIAA AVIATION FORUM AND ASCEND 2024,1,Zone 3
AI-Based Statistical Modeling for Road Traffic Surveillance and Monitoring,1,Zone 3
AI in Civil Engineering,1,Zone 3
AI and Society,1,Zone 3
AI and ML Techniques in Image Processing and Object Detection,1,Zone 3
AI and Ecological Change for Sustainable Development,1,Zone 3
AI MAGAZINE,1,Zone 3
AI & SOCIETY,1,Zone 3
AI,1,Zone 3
AGRONOMY-BASEL,1,Zone 3
"ADVANCES IN SOCIAL NETWORKS ANALYSIS AND MINING, ASONAM 2024 VOL 1",1,Zone 3
ADVANCES IN METEOROLOGY,1,Zone 3
ADVANCES IN ARTIFICIAL INTELLIGENCE AND MACHINE LEARNING,1,Zone 3
ADVANCES IN AIRCRAFT AND SPACECRAFT SCIENCE,1,Zone 3
ADVANCES AND APPLICATIONS IN DISCRETE MATHEMATICS,1,Zone 3
ADVANCED INFORMATION SYSTEMS ENGINEERING (CAISE 2017),1,Zone 3
AMERICAN JOURNAL OF PRIMATOLOGY,1,Zone 3
ANNALS OF GIS,1,Zone 3
APPLICATIONS OF MACHINE LEARNING 2025,1,Zone 3
"ARTIFICIAL INTELLIGENCE-COMIA 2025, PT II",1,Zone 3
Acta Geophysica,1,Zone 3
"ATRF 2015 - Australasian Transport Research Forum 2015, Proceedings",1,Zone 3
ATMOSPHERE-KOREA,1,Zone 3
"ASSIC 2022 - Proceedings: International Conference on Advancements in Smart, Secure and Intelligent Computing",1,Zone 3
ASIAN JOURNAL OF WATER ENVIRONMENT AND POLLUTION,1,Zone 3
"ASEE Annual Conference and Exposition, Conference Proceedings",1,Zone 3
ASCE-ASME JOURNAL OF RISK AND UNCERTAINTY IN ENGINEERING SYSTEMS PART A-CIVIL ENGINEERING,1,Zone 3
ASCE Inspire 2023: Infrastructure Innovation and Adaptation for a Sustainable and Resilient World - Selected Papers from ASCE Inspire 2023,1,Zone 3
"ARTIFICIAL NEURAL NETWORKS AND MACHINE LEARNING, ICANN 2023, PT VIII",1,Zone 3
ARTIFICIAL NEURAL NETWORKS AND MACHINE LEARNING - ICANN 2019: WORKSHOP AND SPECIAL SESSIONS,1,Zone 3
ARTIFICIAL INTELLIGENCE REVIEW,1,Zone 3
"APPLIED COGNITIVE COMPUTING AND ARTIFICIAL INTELLIGENCE, ACC 2024, ICAI 2024",1,Zone 3
ARTIFICIAL INTELLIGENCE IN GEOSCIENCES,1,Zone 3
"ARTIFICIAL INTELLIGENCE AND SOFT COMPUTING (ICAISC 2021), PT II",1,Zone 3
ARTIFICIAL INTELLIGENCE AND MACHINE LEARNING FOR MULTI-DOMAIN OPERATIONS APPLICATIONS III,1,Zone 3
ARTIFICIAL INTELLIGENCE AND IMAGE AND SIGNAL PROCESSING FOR REMOTE SENSING XXXI,1,Zone 3
ARTIFICIAL INTELLIGENCE AND IMAGE AND SIGNAL PROCESSING FOR REMOTE SENSING XXX,1,Zone 3
ARPN Journal of Engineering and Applied Sciences,1,Zone 3
ARABIAN JOURNAL FOR SCIENCE AND ENGINEERING,1,Zone 3
APPLIED SPATIAL ANALYSIS AND POLICY,1,Zone 3
APPLIED GEOGRAPHY,1,Zone 3
APPLIED COMPUTING AND GEOSCIENCES,1,Zone 3
ACTIVE AND PASSIVE MICROWAVE REMOTE SENSING FOR ENVIRONMENTAL MONITORING II,1,Zone 3
ACTA IMEKO,1,Zone 3
"2nd International Conference on Artificial Intelligence and Machine Learning Applications: Healthcare and Internet of Things, AIMLA 2024",1,Zone 3
ACS OMEGA,1,Zone 3
"5th IEEE International Conference on Mobile Networks and Wireless Communications, ICMNWC 2025",1,Zone 3
"5TH WORLD CONGRESS ON DISASTER MANAGEMENT, VOL. 2: Nature and Human Induced Disasters",1,Zone 3
"4th International Conference on Power, Energy, Control and Transmission Systems: Harnessing Power and Energy for an Affordable Electrification of India, ICPECTS 2024",1,Zone 3
"4th International Conference on Automation, Computing and Renewable Systems, ICACRS 2025 - Proceedings",1,Zone 3
"4th IEEE International Conference on Mobile Networks and Wireless Communications, ICMNWC 2024",1,Zone 3
4TH INTERNATIONAL GEOADVANCES WORKSHOP - GEOADVANCES 2017: ISPRS WORKSHOP ON MULTI-DIMENSIONAL & MULTI-SCALE SPATIAL DATA MODELING,1,Zone 3
"45th International Conference on Information Systems, ICIS 2024",1,Zone 3
"45TH CANADIAN SYMPOSIUM ON REMOTE SENSING, VOL XLVIII-M-4, CSRS 2024",1,Zone 3
"44TH EARSEL SYMPOSIUM, VOLUME XLVIII-M-7-2025",1,Zone 3
"3rd International Mobile, Intelligent, and Ubiquitous Computing Conference, MIUCC 2023",1,Zone 3
"3rd International Conference on Intelligent Data Communication Technologies and Internet of Things, IDCIoT 2025",1,Zone 3
"3rd International Conference on Electronics and Sustainable Communication Systems, ICESC 2022 - Proceedings",1,Zone 3
"3rd International Conference on Data Science and Information System, ICDSIS 2025",1,Zone 3
"3rd International Conference on Business Analytics for Technology and Security, ICBATS 2025",1,Zone 3
"3rd International Conference on Automation, Computing and Renewable Systems, ICACRS 2024 - Proceedings",1,Zone 3
"3rd IEEE International Conference on Distributed Computing and Electrical Circuits and Electronics, ICDCECE 2024",1,Zone 3
"37th Asian Conference on Remote Sensing, ACRS 2016",1,Zone 3
"35th AAAI Conference on Artificial Intelligence, AAAI 2021",1,Zone 3
"35TH INTERNATIONAL TECHNICAL CONFERENCE ON CIRCUITS/SYSTEMS, COMPUTERS AND COMMUNICATIONS (ITC-CSCC 2020)",1,Zone 3
"33rd AAAI Conference on Artificial Intelligence, AAAI 2019, 31st Innovative Applications of Artificial Intelligence Conference, IAAI 2019 and the 9th AAAI Symposium on Educational Advances in Artificial Intelligence, EAAI 2019",1,Zone 3
"32ND IEEE SIGNAL PROCESSING AND COMMUNICATIONS APPLICATIONS CONFERENCE, SIU 2024",1,Zone 3
"2nd International Conference on Intelligent Systems for Cybersecurity, ISCS 2025",1,Zone 3
"2nd International Conference on Emerging Technologies in Electronics, Computing and Communication, ICETECC 2025",1,Zone 3
"5th International Conference on Sustainable Communication Networks and Application, ICSCNA 2024 - Proceedings",1,Zone 3
6TH INTERNATIONAL CONFERENCE ON INFORMATION TECHNOLOGY AND QUANTITATIVE MANAGEMENT,1,Zone 3
"6th IEEE International Conference on Image Processing, Applications and Systems, IPAS 2025 - Proceedings",1,Zone 3
A Research Agenda for Disaster Law,1,Zone 3
ACMSE 2022: PROCEEDINGS OF THE 2022 ACM SOUTHEAST CONFERENCE,1,Zone 3
"ACM Web Conference 2023 - Proceedings of the World Wide Web Conference, WWW 2023",1,Zone 3
ACM Transactions on Spatial Algorithms and Systems,1,Zone 3
ACM Transactions on Intelligent Systems and Technology,1,Zone 3
ACM TRANSACTIONS ON INFORMATION SYSTEMS,1,Zone 3
ACM COMPUTING SURVEYS,1,Zone 3
ACIS 2019 Proceedings - 30th Australasian Conference on Information Systems,1,Zone 3
ACCIDENT ANALYSIS AND PREVENTION,1,Zone 3
AAAI Workshop - Technical Report,1,Zone 3
AAAI 2020 - 34th AAAI Conference on Artificial Intelligence,1,Zone 3
"9th International Conference on Smart Computing and Communications: Intelligent Technologies and Applications, ICSCC 2023",1,Zone 3
"6th IEEE International Conference on Recent Advances in Information Technology, RAIT 2025",1,Zone 3
"9th International Conference on Advances in Technology and Computing, ICATC 2024",1,Zone 3
"9th 2023 International Conference on Control, Decision and Information Technologies, CoDIT 2023",1,Zone 3
"8th International Conference on I-SMAC (IoT in Social, Mobile, Analytics and Cloud), I-SMAC 2024 - Proceedings",1,Zone 3
"7th International Seminar on Research of Information Technology and Intelligent Systems: Advanced Intelligent Systems in Contemporary Society, ISRITI 2024 - Proceedings",1,Zone 3
"7th International Conference on Inventive Computation Technologies, ICICT 2024",1,Zone 3
7TH INTERNATIONAL CONFERENCE ON ADVANCES IN COMPUTING & COMMUNICATIONS (ICACC-2017),1,Zone 3
7TH IEEE INTERNATIONAL SYMPOSIUM ON SYSTEMS ENGINEERING (IEEE ISSE 2021),1,Zone 3
"6th SLAAI - International Conference on Artificial Intelligence, SLAAI-ICAI-2022",1,Zone 3
"6th Research, Invention, and Innovation Congress: Innovative Electricals and Electronics, RI2C 2025",1,Zone 3
"6th International Conference on Mobile Computing and Sustainable Informatics, ICMCSI 2025 - Proceedings",1,Zone 3
"2024 International Conference on Signal Processing, Computation, Electronics, Power and Telecommunication, IConSCEPT 2024 - Proceedings",1,Zone 3
"2024 International Conference on Intelligent Systems and Advanced Applications, ICISAA 2024",1,Zone 3
"2024 International Conference on Intelligent Ships and Electromechanical System, ICISES 2024",1,Zone 3
"2019 IEEE Global Humanitarian Technology Conference, GHTC 2019",1,Zone 3
2021 4TH INTERNATIONAL SEMINAR ON RESEARCH OF INFORMATION TECHNOLOGY AND INTELLIGENT SYSTEMS (ISRITI 2021),1,Zone 3
"2020 International Conference on Computational Performance Evaluation, ComPE 2020",1,Zone 3
"2020 International Conference on COMmunication Systems and NETworkS, COMSNETS 2020",1,Zone 3
2020 INTERNATIONAL CONFERENCE ON COMPUTATIONAL PERFORMANCE EVALUATION (COMPE-2020),1,Zone 3
2020 IEEE/CVF CONFERENCE ON COMPUTER VISION AND PATTERN RECOGNITION WORKSHOPS (CVPRW 2020),1,Zone 3
2020 IEEE/ACM INTERNATIONAL CONFERENCE ON ADVANCES IN SOCIAL NETWORKS ANALYSIS AND MINING (ASONAM),1,Zone 3
"2020 IEEE Symposium Series on Computational Intelligence, SSCI 2020",1,Zone 3
2020 IEEE SYMPOSIUM SERIES ON COMPUTATIONAL INTELLIGENCE (SSCI),1,Zone 3
"2020 IEEE INTL SYMP ON PARALLEL & DISTRIBUTED PROCESSING WITH APPLICATIONS, INTL CONF ON BIG DATA & CLOUD COMPUTING, INTL SYMP SOCIAL COMPUTING & NETWORKING, INTL CONF ON SUSTAINABLE COMPUTING & COMMUNICATIONS (ISPA/BDCLOUD/SOCIALCOM/SUSTAINCOM 2020)",1,Zone 3
"2020 IEEE INTERNATIONAL CONFERENCE ON SYSTEMS, MAN, AND CYBERNETICS (SMC)",1,Zone 3
2020 IEEE INTERNATIONAL CONFERENCE ON CONSUMER ELECTRONICS (ICCE),1,Zone 3
2020 IEEE HIGH PERFORMANCE EXTREME COMPUTING CONFERENCE (HPEC),1,Zone 3
2020 IEEE GLOBAL HUMANITARIAN TECHNOLOGY CONFERENCE (GHTC),1,Zone 3
"2020 IEEE APPLIED IMAGERY PATTERN RECOGNITION WORKSHOP (AIPR): TRUSTED COMPUTING, PRIVACY, AND SECURING MULTIMEDIA",1,Zone 3
2020 IEEE 21ST INTERNATIONAL CONFERENCE ON INFORMATION REUSE AND INTEGRATION FOR DATA SCIENCE (IRI 2020),1,Zone 3
"2020 5th International Conference on Smart and Sustainable Technologies, SpliTech 2020",1,Zone 3
2020 21ST IEEE INTERNATIONAL CONFERENCE ON MOBILE DATA MANAGEMENT (MDM 2020),1,Zone 3
"2020 16TH INTERNATIONAL CONFERENCE ON MOBILITY, SENSING AND NETWORKING (MSN 2020)",1,Zone 3
2020 10TH ANNUAL COMPUTING AND COMMUNICATION WORKSHOP AND CONFERENCE (CCWC),1,Zone 3
2019 SECOND INTERNATIONAL CONFERENCE ON COMPUTATIONAL INTELLIGENCE IN DATA SCIENCE (ICCIDS 2019),1,Zone 3
2019 JOINT URBAN REMOTE SENSING EVENT (JURSE),1,Zone 3
"2019 INTERNATIONAL CONFERENCE ON INTERNET OF THINGS (ITHINGS) AND IEEE GREEN COMPUTING AND COMMUNICATIONS (GREENCOM) AND IEEE CYBER, PHYSICAL AND SOCIAL COMPUTING (CPSCOM) AND IEEE SMART DATA (SMARTDATA)",1,Zone 3
2019 IEEE/CVF CONFERENCE ON COMPUTER VISION AND PATTERN RECOGNITION WORKSHOPS (CVPRW 2019),1,Zone 3
"2021 ASEM Virtual International Annual Conference ""Engineering Management and The New Normal""",1,Zone 3
2021 IEEE 7TH INTERNATIONAL CONFERENCE ON COLLABORATION AND INTERNET COMPUTING (CIC 2021),1,Zone 3
2021 IEEE CONFERENCE ON TECHNOLOGIES FOR SUSTAINABILITY (SUSTECH2021),1,Zone 3
2022 18TH INTERNATIONAL CONFERENCE ON INTELLIGENT ENVIRONMENTS (IE),1,Zone 3
"2022 IEEE INTERNATIONAL HUMANITARIAN TECHNOLOGY CONFERENCE, IHTC",1,Zone 3
"2022 IEEE INTERNATIONAL CONFERENCE ON METROLOGY FOR EXTENDED REALITY, ARTIFICIAL INTELLIGENCE AND NEURAL ENGINEERING (METROXRAINE)",1,Zone 3
"2022 IEEE INTERNATIONAL CONFERENCE ON DATA MINING WORKSHOPS, ICDMW",1,Zone 3
"2022 IEEE 3rd Global Conference for Advancement in Technology, GCAT 2022",1,Zone 3
"2022 IEEE 2nd Conference on Information Technology and Data Science, CITDS 2022 - Proceedings",1,Zone 3
"2022 IEEE 13th Annual Information Technology, Electronics and Mobile Communication Conference, IEMCON 2022",1,Zone 3
"2022 7th International Conference on Smart and Sustainable Technologies, SpliTech 2022",1,Zone 3
"2022 7th International Conference on Cloud Computing and Big Data Analytics, ICCCBDA 2022",1,Zone 3
"2022 5th International Conference on Pattern Recognition and Artificial Intelligence, PRAI 2022",1,Zone 3
"2022 2nd International Conference on Robotics, Automation and Artificial Intelligence, RAAI 2022",1,Zone 3
2022 17TH INTERNATIONAL CONFERENCE ON EMERGING TECHNOLOGIES (ICET'22),1,Zone 3
"2021 IEEE Cognitive Communications for Aerospace Applications Workshop, CCAAW 2021",1,Zone 3
2022 10TH INTERNATIONAL SYMPOSIUM ON DIGITAL FORENSICS AND SECURITY (ISDFS),1,Zone 3
"2021 International Conference on Information and Communication Technologies for Disaster Management, ICT-DM 2021",1,Zone 3
2021 INTERNATIONAL CONFERENCE ON INFORMATION AND COMMUNICATION TECHNOLOGIES FOR DISASTER MANAGEMENT (ICT-DM),1,Zone 3
2021 IEEE/SICE INTERNATIONAL SYMPOSIUM ON SYSTEM INTEGRATION (SII),1,Zone 3
2021 IEEE/RSJ INTERNATIONAL CONFERENCE ON INTELLIGENT ROBOTS AND SYSTEMS (IROS),1,Zone 3
2021 IEEE SYMPOSIUM SERIES ON COMPUTATIONAL INTELLIGENCE (IEEE SSCI 2021),1,Zone 3
2021 IEEE REGION 10 CONFERENCE (TENCON 2021),1,Zone 3
"2021 IEEE International Conference on Advances in Electrical Engineering and Computer Applications, AEECA 2021",1,Zone 3
2021 IEEE INTERNATIONAL CONFERENCE ON BIG DATA (BIG DATA),1,Zone 3
2021 IEEE GLOBAL HUMANITARIAN TECHNOLOGY CONFERENCE (GHTC),1,Zone 3
2019 IEEE INTERNATIONAL CONFERENCE ON ELECTRO INFORMATION TECHNOLOGY (EIT),1,Zone 3
2019 IEEE GLOBAL COMMUNICATIONS CONFERENCE (GLOBECOM),1,Zone 3
"2022 International Conference on Business Analytics for Technology and Security, ICBATS 2022",1,Zone 3
2019 IEEE FIFTH INTERNATIONAL CONFERENCE ON MULTIMEDIA BIG DATA (BIGMM 2019),1,Zone 3
2017 IEEE CONFERENCE ON BIG DATA AND ANALYTICS (ICBDA),1,Zone 3
"2017 IEEE 3rd International Conference on Engineering Technologies and Social Sciences, ICETSS 2017",1,Zone 3
2017 EUROPEAN CONFERENCE ON ELECTRICAL ENGINEERING AND COMPUTER SCIENCE (EECS),1,Zone 3
"2017 2nd IEEE International Conference on Cloud Computing and Big Data Analysis, ICCCBDA 2017",1,Zone 3
2016 North American Power Symposium (NAPS),1,Zone 3
"2016 IEEE International Conference on Computational Intelligence and Computing Research, ICCIC 2016",1,Zone 3
2016 IEEE INTERNATIONAL GEOSCIENCE AND REMOTE SENSING SYMPOSIUM (IGARSS),1,Zone 3
"2016 4TH INTL CONF ON APPLIED COMPUTING AND INFORMATION TECHNOLOGY/3RD INTL CONF ON COMPUTATIONAL SCIENCE/INTELLIGENCE AND APPLIED INFORMATICS/1ST INTL CONF ON BIG DATA, CLOUD COMPUTING, DATA SCIENCE & ENGINEERING (ACIT-CSII-BCD)",1,Zone 3
2016 23RD IEEE INTERNATIONAL CONFERENCE ON HIGH PERFORMANCE COMPUTING WORKSHOPS (HIPCW 2016),1,Zone 3
"1st International Conference on Emerging Research in Computational Science, ICERCS 2023 - Proceedings",1,Zone 3
"1st IEEE International Conference on Data Science and Intelligent Network Computing, ICDSINC 2025",1,Zone 3
"18th International Conference on Advances in ICT for Emerging Regions, ICTer 2018 - Proceedings",1,Zone 3
"18TH ANNUAL MEETING OF THE ASIA OCEANIA GEOSCIENCES SOCIETY, AOGS 2021",1,Zone 3
"16th International Conference Monitoring of Geological Processes and Ecological Condition of the Environment, Monitoring 2022",1,Zone 3
"15th International Conference on Emerging Technologies, ICET 2019",1,Zone 3
"15th International Conference on Advances in Computing, Control, and Telecommunication Technologies, ACT 2024",1,Zone 3
"14th International Workshop on Computer Science and Engineering, WCSE 2024",1,Zone 3
"14th International Conference on Advances in Computing, Control, and Telecommunication Technologies, ACT 2023",1,Zone 3
"14th IEEE International Conference on Cyber Technology in Automation, Control, and Intelligent Systems, CYBER 2024",1,Zone 3
"13th International Conference on Information, Intelligence, Systems and Applications, IISA 2022",1,Zone 3
"12th International AAAI Conference on Web and Social Media, ICWSM 2018",1,Zone 3
"12TH INTERNATIONAL CONFERENCE OF EDUCATION, RESEARCH AND INNOVATION (ICERI 2019)",1,Zone 3
"11th National Conference on Earthquake Engineering 2018, NCEE 2018: Integrating Science, Engineering, and Policy",1,Zone 3
"2017 IEEE Conference on Big Data and Analytics, ICBDA 2017",1,Zone 3
2017 IEEE GLOBAL HUMANITARIAN TECHNOLOGY CONFERENCE (GHTC),1,Zone 3
2017 IEEE INTERNATIONAL CONFERENCE ON BIG DATA (BIG DATA),1,Zone 3
2018 INTERNATIONAL ELECTRONICS SYMPOSIUM ON ENGINEERING TECHNOLOGY AND APPLICATIONS (IES-ETA),1,Zone 3
"2019 4th International Conference on Information Technology, Information Systems and Electrical Engineering, ICITISEE 2019",1,Zone 3
"2019 4th International Conference on Information Systems and Computer Networks, ISCON 2019",1,Zone 3
"2019 2nd International Conference on Information Systems and Computer Aided Education, ICISCAE 2019",1,Zone 3
"2019 2nd International Conference on Advanced Computational and Communication Paradigms, ICACCP 2019",1,Zone 3
"2019 26TH INTERNATIONAL CONFERENCE ON HIGH PERFORMANCE COMPUTING, DATA AND ANALYTICS WORKSHOP (HIPCW 2019)",1,Zone 3
"2019 15th International Wireless Communications and Mobile Computing Conference, IWCMC 2019",1,Zone 3
2019 15TH INTERNATIONAL WIRELESS COMMUNICATIONS & MOBILE COMPUTING CONFERENCE (IWCMC),1,Zone 3
2019 15TH INTERNATIONAL CONFERENCE ON MOBILE AD-HOC AND SENSOR NETWORKS (MSN 2019),1,Zone 3
2019 13TH ANNUAL IEEE INTERNATIONAL SYSTEMS CONFERENCE (SYSCON),1,Zone 3
"2018 International Electronics Symposium on Engineering Technology and Applications, IES-ETA 2018 - Proceedings",1,Zone 3
2018 IEEE INTERNATIONAL CONFERENCE ON SMART COMPUTING (SMARTCOMP 2018),1,Zone 3
2017 IEEE INTERNATIONAL GEOSCIENCE AND REMOTE SENSING SYMPOSIUM (IGARSS),1,Zone 3
2018 IEEE FOURTH INTERNATIONAL CONFERENCE ON BIG DATA COMPUTING SERVICE AND APPLICATIONS (IEEE BIGDATASERVICE 2018),1,Zone 3
"2018 IEEE 5th International Conference on Engineering Technologies and Applied Sciences, ICETAS 2018",1,Zone 3
2018 CLEMSON UNIVERSITY POWER SYSTEMS CONFERENCE (PSC),1,Zone 3
2018 5TH INTERNATIONAL CONFERENCE ON INFORMATION AND COMMUNICATION TECHNOLOGIES FOR DISASTER MANAGEMENT (ICT-DM),1,Zone 3
2018 5TH IEEE INTERNATIONAL CONFERENCE ON ENGINEERING TECHNOLOGIES AND APPLIED SCIENCES (IEEE ICETAS),1,Zone 3
"2018 2nd International Conference on Smart Sensors and Application, ICSSA 2018",1,Zone 3
"2018 2nd International Conference on Informatics and Computational Sciences, ICICoS 2018",1,Zone 3
2018 2ND INTERNATIONAL CONFERENCE ON INFORMATICS AND COMPUTATIONAL SCIENCES (ICICOS),1,Zone 3
2018 17TH IEEE INTERNATIONAL CONFERENCE ON MACHINE LEARNING AND APPLICATIONS (ICMLA),1,Zone 3
2017 INTERNATIONAL ELECTRONICS SYMPOSIUM ON KNOWLEDGE CREATION AND INTELLIGENT COMPUTING (IES-KCIC),1,Zone 3
"2022 INTERNATIONAL WIRELESS COMMUNICATIONS AND MOBILE COMPUTING, IWCMC",1,Zone 3
"2022 International Conference on High Performance Big Data and Intelligent Systems, HDIS 2022",1,Zone 3
"2024 International Conference on Intelligent Computing and Sustainable Innovations in Technology, IC-SIT 2024",1,Zone 3
"2024 4th International Conference on Advances in Electrical, Computing, Communication and Sustainable Technologies, ICAECT 2024",1,Zone 3
"2024 IEEE GLOBECOM WORKSHOPS, GC WKSHPS",1,Zone 3
"2024 IEEE 9th International Conference for Convergence in Technology, I2CT 2024",1,Zone 3
"2024 IEEE 6TH INTERNATIONAL CONFERENCE ON COGNITIVE MACHINE INTELLIGENCE, COGMI",1,Zone 3
"2024 IEEE 5th International Conference on Advanced Trends in Information Theory, ATIT 2025 - Conference Proceedings",1,Zone 3
"2024 IEEE 52ND PHOTOVOLTAIC SPECIALIST CONFERENCE, PVSC",1,Zone 3
"2024 IEEE 4th International Maghreb Meeting of the Conference on Sciences and Techniques of Automatic Control and Computer Engineering, MI-STA 2024 - Proceeding",1,Zone 3
"2024 IEEE 4th International Conference on Applied Electromagnetics, Signal Processing, and Communication, AESPC 2024",1,Zone 3
"2024 IEEE 48TH ANNUAL COMPUTERS, SOFTWARE, AND APPLICATIONS CONFERENCE, COMPSAC 2024",1,Zone 3
"2024 IEEE 3rd International Conference on Robotics, Automation, Artificial-Intelligence and Internet-of-Things, RAAICON 2024 - Proceedings",1,Zone 3
"2024 IEEE 29TH INTERNATIONAL CONFERENCE ON EMERGING TECHNOLOGIES AND FACTORY AUTOMATION, ETFA 2024",1,Zone 3
"2024 IEEE 26TH INTERNATIONAL WORKSHOP ON MULTIMEDIA SIGNAL PROCESSING, MMSP",1,Zone 3
"2024 IEEE 20TH INTERNATIONAL CONFERENCE ON INTELLIGENT COMPUTER COMMUNICATION AND PROCESSING, ICCP 2024",1,Zone 3
"2024 IEEE 14th Annual Computing and Communication Workshop and Conference, CCWC 2024",1,Zone 3
"2024 GEOINFORMATICS FOR SPATIAL-INFRASTRUCTURE DEVELOPMENT IN EARTH AND ALLIED SCIENCES, GIS-IDEAS",1,Zone 3
"2024 Arab ICT Conference, AICTC 2024",1,Zone 3
"2024 9th International Conference on Informatics and Computing, ICIC 2024",1,Zone 3
"2024 9TH INTERNATIONAL CONFERENCE ON INFORMATION TECHNOLOGY RESEARCH, ICITR",1,Zone 3
"2024 9TH INTERNATIONAL CONFERENCE ON BIG DATA ANALYTICS, ICBDA 2024",1,Zone 3
"2024 8th International Conference on Computing, Communication, Control and Automation, ICCUBEA 2024",1,Zone 3
"2024 7th International Conference on Internet Applications, Protocols, and Services, NETAPPS 2024",1,Zone 3
"2024 6th International Conference on Frontier Technologies of Information and Computer, ICFTIC 2024",1,Zone 3
"2024 6th International Conference on Advancements in Computing, ICAC 2024",1,Zone 3
"2024 5th International Conference for Emerging Technology, INCET 2024",1,Zone 3
"2024 IEEE INTERNATIONAL CONFERENCE ON ADVANCED INTELLIGENT MECHATRONICS, AIM 2024",1,Zone 3
"2024 IEEE INTERNATIONAL CONFERENCE ON AEROSPACE ELECTRONICS AND REMOTE SENSING TECHNOLOGY, ICARES",1,Zone 3
"2024 IEEE INTERNATIONAL CONFERENCE ON BIG DATA, BIGDATA",1,Zone 3
2024 IEEE/RSJ INTERNATIONAL CONFERENCE ON INTELLIGENT ROBOTS AND SYSTEMS (IROS 2024),1,Zone 3
"2024 International Conference on Innovations and Challenges in Emerging Technologies, ICICET 2024",1,Zone 3
"2024 International Conference on Innovation and Intelligence for Informatics, Computing, and Technologies, 3ICT 2024",1,Zone 3
"2024 International Conference on Information and Communication Technologies for Disaster Management, ICT-DM 2024",1,Zone 3
"2024 International Conference on Computer, Electronics, Electrical Engineering and their Applications, IC2E3 2024",1,Zone 3
"2024 International Conference on Artificial Intelligence and Quantum Computation-Based Sensor Applications, ICAIQSA 2024 - Proceedings",1,Zone 3
"2024 Innovations in Intelligent Systems and Applications Conference, ASYU 2024",1,Zone 3
"2024 INTERNATIONAL CONFERENCE ON MACHINE LEARNING AND APPLICATIONS, ICMLA",1,Zone 3
"2024 INTERNATIONAL CONFERENCE ON INNOVATIONS IN INTELLIGENT SYSTEMS AND APPLICATIONS, INISTA",1,Zone 3
"2024 INTERNATIONAL CONFERENCE ON CONTENT-BASED MULTIMEDIA INDEXING, CBMI",1,Zone 3
"2024 INTERNATIONAL CONFERENCE ON COMPUTER, INFORMATION AND TELECOMMUNICATION SYSTEMS, CITS 2024",1,Zone 3
"2024 IEEE/ACM 17TH INTERNATIONAL CONFERENCE ON UTILITY AND CLOUD COMPUTING, UCC",1,Zone 3
"2024 IEEE INTERNATIONAL CONFERENCE ON DATA MINING WORKSHOPS, ICDMW",1,Zone 3
"2024 IEEE WORLD FORUM ON PUBLIC SAFETY TECHNOLOGY, WFPST 2024",1,Zone 3
"2024 IEEE Silchar Subsection Conference, SILCON 2024",1,Zone 3
"2024 IEEE SYMPOSIUM ON COMPUTERS AND COMMUNICATIONS, ISCC 2024",1,Zone 3
"2024 IEEE REGION 10 SYMPOSIUM, TENSYMP",1,Zone 3
"2024 IEEE LONG ISLAND SYSTEMS, APPLICATIONS AND TECHNOLOGY CONFERENCE, LISAT 2024",1,Zone 3
"2024 IEEE International Conference on Interdisciplinary Approaches in Technology and Management for Social Innovation, IATMSI 2024",1,Zone 3
"2024 IEEE International Conference on Information Technology, Electronics and Intelligent Communication Systems, ICITEICS 2024",1,Zone 3
"2024 IEEE INTERNATIONAL SYMPOSIUM ON SAFETY SECURITY RESCUE ROBOTICS, SSRR",1,Zone 3
"2024 IEEE INTERNATIONAL CONFERENCE ON IMAGE PROCESSING, ICIP",1,Zone 3
"2024 IEEE INTERNATIONAL CONFERENCE ON IMAGE PROCESSING CHALLENGES AND WORKSHOPS, ICIPCW",1,Zone 3
"2024 5TH INTERNATIONAL SYMPOSIUM ON NEW ENERGY AND ELECTRICAL TECHNOLOGY, ISNEET",1,Zone 3
"2024 4th Asian Conference on Innovation in Technology, ASIANCON 2024",1,Zone 3
"2022 International Conference on Innovative Trends in Information Technology, ICITIIT 2022",1,Zone 3
"2024 4TH URSI ATLANTIC RADIO SCIENCE MEETING, AT-RASC 2024",1,Zone 3
"2023 IEEE India Geoscience and Remote Sensing Symposium, InGARSS 2023",1,Zone 3
"2023 IEEE Global Humanitarian Technology Conference, GHTC 2023",1,Zone 3
"2023 IEEE Global Conference on Artificial Intelligence and Internet of Things, GCAIoT 2023",1,Zone 3
"2023 IEEE Asia-Pacific Conference on Geoscience, Electronics and Remote Sensing Technology: Global Challenges in Geoscience, Electronics, and Remote Sensing: Future Directions in City, Land, and Ocean Sustainable Development, AGERS 2023",1,Zone 3
"2023 IEEE 8th International Conference for Convergence in Technology, I2CT 2023",1,Zone 3
"2023 IEEE 3rd International Conference on Power, Electronics and Computer Applications, ICPECA 2023",1,Zone 3
"2023 IEEE 26TH INTERNATIONAL CONFERENCE ON INTELLIGENT TRANSPORTATION SYSTEMS, ITSC",1,Zone 3
"2023 IEEE 24TH INTERNATIONAL CONFERENCE ON INFORMATION REUSE AND INTEGRATION FOR DATA SCIENCE, IRI",1,Zone 3
"2023 IEEE 10th International Conference on Data Science and Advanced Analytics, DSAA 2023 - Proceedings",1,Zone 3
"2023 CYBER-PHYSICAL SYSTEMS AND INTERNET-OF-THINGS WEEK, CPS-IOT WEEK WORKSHOPS",1,Zone 3
"2023 9th International Conference on Advanced Computing and Communication Systems, ICACCS 2023",1,Zone 3
"2023 8th International Conference on Informatics and Computing, ICIC 2023",1,Zone 3
"2023 6th International Conference on Information and Communications Technology, ICOIACT 2023",1,Zone 3
"2023 5th International Conference on Frontiers Technology of Information and Computer, ICFTIC 2023",1,Zone 3
"2023 4th International Conference for Emerging Technology, INCET 2023",1,Zone 3
"2023 4th IEEE Global Conference for Advancement in Technology, GCAT 2023",1,Zone 3
"2023 3rd Asian Conference on Innovation in Technology, ASIANCON 2023",1,Zone 3
"2023 33rd International Telecommunication Networks and Applications Conference, ITNAC 2023",1,Zone 3
"2023 1st International Conference on Cognitive Computing and Engineering Education, ICCCEE 2023",1,Zone 3
"2023 15th International Conference on Computer Research and Development, ICCRD 2023",1,Zone 3
"2023 10th International Conference on Information Technology, Computer, and Electrical Engineering, ICITACEE 2023",1,Zone 3
2022 THIRTEENTH INTERNATIONAL CONFERENCE ON UBIQUITOUS AND FUTURE NETWORKS (ICUFN),1,Zone 3
"2022 International Conference on Multimedia Analysis and Pattern Recognition, MAPR 2022 - Proceedings",1,Zone 3
"2023 IEEE International Conference on Dependable, Autonomic and Secure Computing, International Conference on Pervasive Intelligence and Computing, International Conference on Cloud and Big Data Computing, International Conference on Cyber Science and Technology Congress, DASC/PiCom/CBDCom/CyberSciTech 2023",1,Zone 3
"2023 IEEE/CVF INTERNATIONAL CONFERENCE ON COMPUTER VISION WORKSHOPS, ICCVW",1,Zone 3
"2023 INTERNATIONAL CONFERENCE ON INFORMATION AND COMMUNICATION TECHNOLOGIES FOR DISASTER MANAGEMENT, ICT-DM",1,Zone 3
"2024 10th International Conference on Computing, Engineering and Design, ICCED 2024",1,Zone 3
"2024 4TH INTERNATIONAL CONFERENCE ON PERVASIVE COMPUTING AND SOCIAL NETWORKING, ICPCSN 2024",1,Zone 3
"2024 4TH INTERNATIONAL CONFERENCE ON ARTIFICIAL INTELLIGENCE AND SIGNAL PROCESSING, AISP",1,Zone 3
"2024 3rd International Conference for Innovation in Technology, INOCON 2024",1,Zone 3
"2024 34TH INTERNATIONAL CONFERENCE RADIOELEKTRONIKA, RADIOELEKTRONIKA 2024",1,Zone 3
"2024 2ND WORLD CONFERENCE ON COMMUNICATION & COMPUTING, WCONF 2024",1,Zone 3
"2024 28th International Conference on Information Technology, IT 2024",1,Zone 3
"2024 27th International Conference on Computer and Information Technology, ICCIT 2024 - Proceedings",1,Zone 3
"2024 21st International Multi-Conference on Systems, Signals and Devices, SSD 2024",1,Zone 3
"2024 21st International Conference on Ubiquitous Robots, UR 2024",1,Zone 3
"2024 11TH INTERNATIONAL CONFERENCE ON INTERNET OF THINGS: SYSTEMS, MANAGEMENT AND SECURITY, IOTSMS 2024",1,Zone 3
"2023 World Conference on Communication and Computing, WCONF 2023",1,Zone 3
"2023 INTERNATIONAL WIRELESS COMMUNICATIONS AND MOBILE COMPUTING, IWCMC",1,Zone 3
"2023 SIAM International Conference on Data Mining, SDM 2023",1,Zone 3
"2023 SENSOR SIGNAL PROCESSING FOR DEFENCE CONFERENCE, SSPD",1,Zone 3
"2023 SAR in Big Data Era, BIGSARDATA 2023 - Proceedings",1,Zone 3
"2023 International Conference on Engineering Management of Communication and Technology, EMCTECH 2023 - Proceedings",1,Zone 3
"2023 International Conference on Earth Observation and Geo-Spatial Information, ICEOGI 2023",1,Zone 3
"2023 International Conference on Data Science, Agents and Artificial Intelligence, ICDSAAI 2023",1,Zone 3
"2023 International Conference on Cyber Management and Engineering, CyMaEn 2023",1,Zone 3
"2023 International Conference on Computational Intelligence, Networks and Security, ICCINS 2023",1,Zone 3
"2023 International Conference on Artificial Intelligence and Applications, ICAIA 2023 and Alliance Technology Conference, ATCON-1 2023 - Proceeding",1,Zone 3
"2023 Innovations in Power and Advanced Computing Technologies, i-PACT 2023",1,Zone 3
Acta Geotechnica,1,Zone 3
Acta IMEKO,1,Zone 3
"Addressing Environmental Challenges With AI, Robotics, and Augmented Reality",1,Zone 3
Human-Computer Interaction and Beyond: Advances Towards Smart and Interconnected Environments (Part I),1,Zone 3
ICoICC 2025 - 3rd International Conference on Intelligent and Cloud Computing,1,Zone 3
ICSCCC 2023 - 3rd International Conference on Secure Cyber Computing and Communications,1,Zone 3
ICMR '18: PROCEEDINGS OF THE 2018 ACM INTERNATIONAL CONFERENCE ON MULTIMEDIA RETRIEVAL,1,Zone 3
"ICIEECT 2017 - International Conference on Innovations in Electrical Engineering and Computational Technologies 2017, Proceedings",1,Zone 3
"ICICN 2023 - 2023 IEEE 11th International Conference on Information, Communication and Networks",1,Zone 3
ICHMS 2025 - 5th IEEE International Conference on Human-Machine Systems: AI and Large Language Models: Transforming Human-Machine Interactions,1,Zone 3
ICEIEC 2025 - Proceedings of 2025 IEEE 15th International Conference on Electronics Information and Emergency Communication,1,Zone 3
"ICECS 2023 - 2023 30th IEEE International Conference on Electronics, Circuits and Systems: Technosapiens for Saving Humanity",1,Zone 3
ICDT 2025 - 3rd International Conference on Disruptive Technologies,1,Zone 3
"ICCCMLA 2024 - 6th International Conference on Cybernetics, Cognition and Machine Learning Applications",1,Zone 3
"ICCA 2024 - 3rd International Conference on Computing Advancements, 2024",1,Zone 3
ICC 2019 - 2019 IEEE INTERNATIONAL CONFERENCE ON COMMUNICATIONS (ICC),1,Zone 3
"ICADEIS 2025 - 2025 International Conference on Advancement in Data Science, E-learning and Information System: Integrating Data Science and Information System, Proceeding",1,Zone 3
"ICAC 2023 - 5th International Conference on Advancements in Computing: Technological Innovation for a Sustainable Economy, Proceedings",1,Zone 3
"IC-DECON 2025 - 2025 International Conference on Data, Energy and Communication Network, Proceedings",1,Zone 3
IAHS-AISH Proceedings and Reports,1,Zone 3
IABSE Symposium Tokyo 2025: Environmentally Friendly Technologies and Structures: Focusing on Sustainable Approaches - Report,1,Zone 3
"IABSE Congress, Christchurch 2020: Resilient Technologies for Sustainable Infrastructure - Proceedings",1,Zone 3
IABSE Congress San Jose 2024: Beyond Structural Engineering in a Changing World - Report,1,Zone 3
Hydrometeorology: Forecasting and Applications,1,Zone 3
"Hydrology and Water Resources Symposium, HWRS 2024",1,Zone 3
"Hydrology and Water Resources Symposium, HWRS 2022",1,Zone 3
Hydrology and Earth System Sciences,1,Zone 3
"IDCIoT 2023 - International Conference on Intelligent Data Communication Technologies and Internet of Things, Proceedings",1,Zone 3
IDIMT 2025 - ICT in Business: AI Everywhere? Glory and Disgrace of AI - 33rd Interdisciplinary Information Management Talks,1,Zone 3
IECON 2024-50TH ANNUAL CONFERENCE OF THE IEEE INDUSTRIAL ELECTRONICS SOCIETY,1,Zone 3
"IEEE International Conference on Data Engineering and Communication Systems, ICDECS 2024",1,Zone 3
IEEE NETWORK,1,Zone 3
"IEEE MIT Undergraduate Research Technology Conference, URTC 2023 - Proceedings",1,Zone 3
IEEE Joint International Information Technology and Artificial Intelligence Conference (ITAIC),1,Zone 3
IEEE JOURNAL ON MINIATURIZATION FOR AIR AND SPACE SYSTEMS,1,Zone 3
IEEE Internet of Things Magazine,1,Zone 3
IEEE Internet of Things Journal,1,Zone 3
"IEEE International Conference on Recent Advances in Science and Engineering Technology, ICRASET 2024",1,Zone 3
"IEEE International Conference on Knowledge Engineering and Communication Systems, ICKES 2022",1,Zone 3
"IEEE International Conference on Data Science and Information System, ICDSIS 2022",1,Zone 3
"IEEE International Conference on Data Mining Workshops, ICDMW",1,Zone 3
"IEEE International Conference on Communication, Networks and Satellite, ComNetSat",1,Zone 3
IECON Proceedings (Industrial Electronics Conference),1,Zone 3
"IEEE International Conference on Advances in Electronics, Communication, Computing and Intelligent Information Systems, ICAECIS 2023 - Proceedings",1,Zone 3
"IEEE International Conference on ""Computational, Communication and Information Technology"", ICCCIT 2025",1,Zone 3
IEEE INTERNET COMPUTING,1,Zone 3
IEEE Geoscience and Remote Sensing Magazine,1,Zone 3
IEEE Embedded Systems Letters,1,Zone 3
IEEE Computer Society Conference on Computer Vision and Pattern Recognition Workshops,1,Zone 3
IEEE CLOUD COMPUTING,1,Zone 3
"IEEE Asia-Pacific Conference on Geoscience, Electronics and Remote Sensing Technology, AGERS",1,Zone 3
"IEEE Advanced Information Technology, Electronic and Automation Control Conference (IAEAC)",1,Zone 3
"IEEE 8th International Conference on Electrical, Control and Computer Engineering, InECCE 2025 - Proceedings",1,Zone 3
HydroResearch,1,Zone 3
Human-Centric Intelligent Systems,1,Zone 3
IEEE SENSORS JOURNAL,1,Zone 3
Horizon Work: At the Edges of Knowledge in an Age of Runaway Climate Change,1,Zone 3
"GHTC 2017 - IEEE Global Humanitarian Technology Conference, Proceedings",1,Zone 3
"GEOSPATIAL WEEK 2023, VOL. 10-1",1,Zone 3
GEOSCIENCE DATA JOURNAL,1,Zone 3
GEOPHYSICS,1,Zone 3
GEOPHYSICAL RESEARCH LETTERS,1,Zone 3
GEOPHYSICAL JOURNAL INTERNATIONAL,1,Zone 3
"GEOMATICS INTERNATIONAL CONFERENCE, GEOICON 2022",1,Zone 3
GEOMATICS AND ENVIRONMENTAL ENGINEERING,1,Zone 3
GEOMATICS,1,Zone 3
GEOLOGICAL DISASTER MONITORING BASED ON SENSOR NETWORKS,1,Zone 3
GEOHAZARDS,1,Zone 3
GEOGRAPHICAL JOURNAL,1,Zone 3
GEOGRAPHIA TECHNICA,1,Zone 3
"GEO-SUSTAINNOVATION FOR RESILIENT SOCIETY, CREST 2023",1,Zone 3
Futures,1,Zone 3
Fusion: Practice and Applications,1,Zone 3
Forum Geografi,1,Zone 3
Forest Fire and Climate Change: Insights into Science,1,Zone 3
Forest Ecology and Management,1,Zone 3
FUTURE INTERNET,1,Zone 3
FUTURE GENERATION COMPUTER SYSTEMS-THE INTERNATIONAL JOURNAL OF ESCIENCE,1,Zone 3
FRONTIERS OF ENVIRONMENTAL SCIENCE & ENGINEERING,1,Zone 3
FRONTIERS IN WATER,1,Zone 3
GLOBAL KNOWLEDGE MEMORY AND COMMUNICATION,1,Zone 3
GLOC 2023 - IAF Global Space Conference on Climate Change,1,Zone 3
GeoIndustry 2025 - Proceedings of 4th ACM SIGSPATIAL International Workshop on Spatial Big Data and AI for Industrial Applications,1,Zone 3
"HORA 2023 - 2023 5th International Congress on Human-Computer Interaction, Optimization and Robotic Applications, Proceedings",1,Zone 3
Herald of the Kazakh British Technical UNiversity,1,Zone 3
Harnessing AI in Geospatial Technology for Environmental Monitoring and Management,1,Zone 3
HardwareX,1,Zone 3
Handbook of Social Networks and the Environment,1,Zone 3
"Handbook of AI in Engineering Applications: Tools, Techniques, and Algorithms",1,Zone 3
Habitat International,1,Zone 3
HYDROLOGY RESEARCH,1,Zone 3
HYDROLOGY AND EARTH SYSTEM SCIENCES,1,Zone 3
HYDROLOGY,1,Zone 3
HYDROLOGICAL RESEARCH LETTERS,1,Zone 3
HEALTH SCIENCE REPORTS,1,Zone 3
GeoInformatica,1,Zone 3
Gumushane Universitesi Fen Bilimleri Dergisi,1,Zone 3
Gondwana Research,1,Zone 3
Global Land-Ocean Geospatial Applications : Mapping and Surveying with Remote Sensing and GIS,1,Zone 3
Geostatistical Insights on Mapping Flood Hazards and Wetland Dynamics,1,Zone 3
Geospatial Information and Services for Climate Resilient Disaster Management,1,Zone 3
Geological Survey of China,1,Zone 3
Geological Journal,1,Zone 3
Geological Bulletin of China,1,Zone 3
Geographies of the Indian Subcontinent: Cutting-Edge Methods in 21st Century Research,1,Zone 3
Geofluids,1,Zone 3
"IEEE Region 10 Humanitarian Technology Conference, R10-HTC",1,Zone 3
IEEE TRANSACTIONS ON AEROSPACE AND ELECTRONIC SYSTEMS,1,Zone 3
FRONTIERS IN BUILT ENVIRONMENT,1,Zone 3
INTERNATIONAL JOURNAL OF GENERAL SYSTEMS,1,Zone 3
Indian Journal of Information Sources and Services,1,Zone 3
Indian Journal of Critical Care Medicine,1,Zone 3
ITU News,1,Zone 3
"ISPRS TC III MID-TERM SYMPOSIUM BEYOND THE CANOPY: TECHNOLOGIES AND APPLICATIONS OF REMOTE SENSING, VOLUME XLVIII-3-2024",1,Zone 3
ISPRS International Journal of Geo-Information,1,Zone 3
"ISPRS GEOSPATIAL CONFERENCE 2022, JOINT 6TH SENSORS AND MODELS IN PHOTOGRAMMETRY AND REMOTE SENSING, SMPR/4TH GEOSPATIAL INFORMATION RESEARCH, GIRESEARCH CONFERENCES, VOL. 10-4",1,Zone 3
"ISMSIT 2025 - 9th International Symposium on Multidisciplinary Studies and Innovative Technologies, Proceedings",1,Zone 3
ISKE 2023 - 18th International Conference on Intelligent Systems and Knowledge Engineering,1,Zone 3
ISESD 2018 - International Symposium on Electronics and Smart Devices: Smart Devices for Big Data Analytic and Machine Learning,1,Zone 3
ISC2 2022 - 8th IEEE International Smart Cities Conference,1,Zone 3
IPRI JOURNAL,1,Zone 3
INTERNATIONAL JOURNAL OF WEB SERVICES RESEARCH,1,Zone 3
INTERNATIONAL JOURNAL OF PRODUCTION ECONOMICS,1,Zone 3
INTERNATIONAL JOURNAL OF PATTERN RECOGNITION AND ARTIFICIAL INTELLIGENCE,1,Zone 3
INTERNATIONAL JOURNAL OF MANAGEMENT SCIENCE AND ENGINEERING MANAGEMENT,1,Zone 3
INTERNATIONAL JOURNAL OF LOGISTICS MANAGEMENT,1,Zone 3
INTERNATIONAL JOURNAL OF KNOWLEDGE AND SYSTEMS SCIENCE,1,Zone 3
INTERNATIONAL JOURNAL OF INTEGRATED ENGINEERING,1,Zone 3
INTERNATIONAL JOURNAL OF INFORMATION TECHNOLOGIES AND SYSTEMS APPROACH,1,Zone 3
INTERNATIONAL JOURNAL OF INFORMATION MANAGEMENT,1,Zone 3
INTERNATIONAL JOURNAL OF IMAGE AND DATA FUSION,1,Zone 3
INTERNATIONAL JOURNAL OF HUMAN-COMPUTER INTERACTION,1,Zone 3
INTERNATIONAL JOURNAL OF HERITAGE STUDIES,1,Zone 3
Indian Journal of Public Health Research and Development,1,Zone 3
Indonesian Journal of Electrical Engineering and Computer Science,1,Zone 3
Indonesian Journal of Geography,1,Zone 3
"International Conference on Business, Management and Economics Engineering Future-BME",1,Zone 3
"International Conference on Intelligent Algorithms for Computational Intelligence Systems, IACIS 2024",1,Zone 3
"International Conference on Integrated Intelligence and Communication Systems, ICIICS 2023",1,Zone 3
"International Conference on Engineering, Technology and Management, ICETM 2025",1,Zone 3
"International Conference on Emerging Trends in Engineering and Technology, ICETET",1,Zone 3
"International Conference on Electrical, Computer, Communications and Mechatronics Engineering, ICECCME 2023",1,Zone 3
"International Conference on Electrical, Computer, Communications and Mechatronics Engineering, ICECCME 2021",1,Zone 3
"International Conference on Electrical Engineering, Computer Science and Informatics (EECSI)",1,Zone 3
"International Conference on Distributed Systems, Computer Networks and Cybersecurity, ICDSCNC 2024",1,Zone 3
"International Conference on Computing, Intelligence, and Application, CIACON 2025",1,Zone 3
"International Conference on Computer and Applications, ICCA 2025 - Proceedings",1,Zone 3
"International Conference on Artificial Intelligence and Emerging Technologies, ICAIET 2025",1,Zone 3
"Industry 6.0: Technology, Practices, Challenges, and Applications",1,Zone 3
International Conference on Applied Electronics,1,Zone 3
International Conference on Advances in Experimental Structural Engineering,1,Zone 3
"International Conference on Advanced Robotics and Intelligent Systems, ARIS",1,Zone 3
"International Conference on Advanced Computing Technologies, ICoACT 2025",1,Zone 3
"Interdisciplinary Conference on Electrics and Computer, INTCEC 2025",1,Zone 3
Ingenierie des Systemes d'Information,1,Zone 3
Ingeniare,1,Zone 3
Infrastructures,1,Zone 3
Information Systems Research,1,Zone 3
Informatics in Medicine Unlocked,1,Zone 3
INTERNATIONAL JOURNAL OF GEOMATE,1,Zone 3
INTERNATIONAL JOURNAL OF EMBEDDED SYSTEMS,1,Zone 3
IEEE TRANSACTIONS ON AUTOMATION SCIENCE AND ENGINEERING,1,Zone 3
INTERNATIONAL JOURNAL OF ELECTRICAL AND COMPUTER ENGINEERING SYSTEMS,1,Zone 3
"IMAGE ANALYSIS AND PROCESSING, ICIAP 2023, PT II",1,Zone 3
IIUM Engineering Journal,1,Zone 3
IISE TRANSACTIONS,1,Zone 3
"IISE Annual Conference and Expo 2025, Conference Proceedings",1,Zone 3
IIOAB JOURNAL,1,Zone 3
IET Information Security,1,Zone 3
"IES 2023 - International Electronics Symposium: Unlocking the Potential of Immersive Technology to Live a Better Life, Proceeding",1,Zone 3
IEEE WIRELESS COMMUNICATIONS LETTERS,1,Zone 3
IEEE Vehicular Technology Conference,1,Zone 3
"IEEE Transactions on Systems, Man, and Cybernetics: Systems",1,Zone 3
IEEE Transactions on Network and Service Management,1,Zone 3
IEEE Transactions on Industry Applications,1,Zone 3
IEEE Transactions on Image Processing,1,Zone 3
IEEE Transactions on Emerging Topics in Computing,1,Zone 3
IEEE Transactions on Automation Science and Engineering,1,Zone 3
IEEE TRANSACTIONS ON RELIABILITY,1,Zone 3
IEEE TRANSACTIONS ON PATTERN ANALYSIS AND MACHINE INTELLIGENCE,1,Zone 3
IEEE TRANSACTIONS ON KNOWLEDGE AND DATA ENGINEERING,1,Zone 3
IEEE TRANSACTIONS ON INDUSTRY APPLICATIONS,1,Zone 3
IEEE TRANSACTIONS ON ENGINEERING MANAGEMENT,1,Zone 3
IEEE TRANSACTIONS ON EMERGING TOPICS IN COMPUTATIONAL INTELLIGENCE,1,Zone 3
IEEE TRANSACTIONS ON CONSUMER ELECTRONICS,1,Zone 3
"10th International Conference on Advances in Computing and Communications, ICACC 2021",1,Zone 3
IMAGE AND SIGNAL PROCESSING FOR REMOTE SENSING XXIV,1,Zone 3
"IMCIC 2019 - 10th International Multi-Conference on Complexity, Informatics and Cybernetics, Proceedings",1,Zone 3
IMMERSIVE LEARNING RESEARCH NETWORK,1,Zone 3
"INTELLIGENT AND FUZZY SYSTEMS: DIGITAL ACCELERATION AND THE NEW NORMAL, INFUS 2022, VOL 2",1,Zone 3
INTERNATIONAL JOURNAL OF DISASTER RESILIENCE IN THE BUILT ENVIRONMENT,1,Zone 3
INTERNATIONAL JOURNAL OF CONSERVATION SCIENCE,1,Zone 3
INTERNATIONAL JOURNAL OF COMPUTATIONAL INTELLIGENCE SYSTEMS,1,Zone 3
INTERNATIONAL JOURNAL OF CLIMATOLOGY,1,Zone 3
INTERNATIONAL JOURNAL FOR EQUITY IN HEALTH,1,Zone 3
"INTERNATIONAL CONFERENCE ON INNOVATIVE COMPUTING AND COMMUNICATIONS, VOL 1",1,Zone 3
INTERNATIONAL ARAB JOURNAL OF INFORMATION TECHNOLOGY,1,Zone 3
INTELLIGENT TRANSPORT SYSTEMS (INTSYS 2021),1,Zone 3
INTELLIGENT SYSTEMS WITH APPLICATIONS,1,Zone 3
"INTELLIGENT SYSTEMS AND APPLICATIONS, VOL 2, INTELLISYS 2024",1,Zone 3
INTEGRATED COMPUTER-AIDED ENGINEERING,1,Zone 3
"INDISCON 2024 - 5th IEEE India Council International Subsections Conference: Science, Technology and Society",1,Zone 3
INNOVATIVE INFRASTRUCTURE SOLUTIONS,1,Zone 3
INFRASTRUCTURES,1,Zone 3
"INFORMATION TECHNOLOGY IN DISASTER RISK REDUCTION, ITDRR 2020",1,Zone 3
"INFORMATION TECHNOLOGY IN DISASTER RISK REDUCTION, ITDRR 2019",1,Zone 3
INFORMATION TECHNOLOGY FOR DEVELOPMENT,1,Zone 3
INFORMATION SYSTEMS RESEARCH,1,Zone 3
INFORMATION PROCESSING & MANAGEMENT,1,Zone 3
INFORMATION DISCOVERY AND DELIVERY,1,Zone 3
INFORMATION AND COMMUNICATION TECHNOLOGY FOR COMPETITIVE STRATEGIES,1,Zone 3
INDOOR AND BUILT ENVIRONMENT,1,Zone 3
FRONTIERS IN ECOLOGY AND EVOLUTION,1,Zone 3
FRONTIERS IN APPLIED MATHEMATICS AND STATISTICS,1,Zone 3
Advanced Engineering Informatics,1,Zone 3
CHINESE JOURNAL OF COMMUNICATION,1,Zone 3
COMPUTERS & GEOSCIENCES,1,Zone 3
COMPUTERS,1,Zone 3
"COMPUTER VISION, IMAGING AND COMPUTER GRAPHICS THEORY AND APPLICATIONS (VISIGRAPP 2019)",1,Zone 3
COMPUTER VISION AND IMAGE UNDERSTANDING,1,Zone 3
COMPUTER NETWORKS,1,Zone 3
COMPUTER APPLICATIONS IN ENGINEERING EDUCATION,1,Zone 3
"COMPUTER ANALYSIS OF IMAGES AND PATTERNS, CAIP 2023, PT II",1,Zone 3
"COMPUTATIONAL SCIENCE AND ITS APPLICATIONS - ICCSA 2017, PT IV",1,Zone 3
"COMPUTATIONAL SCIENCE - ICCS 2022, PT III",1,Zone 3
COMPUTATIONAL AND MATHEMATICAL ORGANIZATION THEORY,1,Zone 3
COMPUTATION,1,Zone 3
COMPTES RENDUS PHYSIQUE,1,Zone 3
COMPLEXITY,1,Zone 3
COMPLEX & INTELLIGENT SYSTEMS,1,Zone 3
COMMUNICATIONS IN MATHEMATICAL BIOLOGY AND NEUROSCIENCE,1,Zone 3
COLD REGIONS SCIENCE AND TECHNOLOGY,1,Zone 3
COGENT ENGINEERING,1,Zone 3
COASTAL ENGINEERING,1,Zone 3
CLIMATE SERVICES,1,Zone 3
CIVILENG,1,Zone 3
CITIES,1,Zone 3
CINTI 2016 - 17th IEEE International Symposium on Computational Intelligence and Informatics: Proceedings,1,Zone 3
CIENCIA E AGROTECNOLOGIA,1,Zone 3
COMPUTERS & GRAPHICS-UK,1,Zone 3
COMPUTERS & INDUSTRIAL ENGINEERING,1,Zone 3
COMPUTERS & STRUCTURES,1,Zone 3
China Geology,1,Zone 3
Climate Services,1,Zone 3
Climate Change: Intervention Strategies and Sustainable Development in the Global South,1,Zone 3
"Clemson University Power Systems Conference, PSC 2018",1,Zone 3
Civic Synergy: Leading and Managing the Evolution of Smart Cities,1,Zone 3
Citizen-Centric Artificial Intelligence for Smart Cities,1,Zone 3
Cities,1,Zone 3
Chongqing Daxue Xuebao/Journal of Chongqing University,1,Zone 3
"Chinese Control Conference, CCC",1,Zone 3
China Rural Water and Hydropower,1,Zone 3
"China International Conference on Electricity Distribution, CICED",1,Zone 3
China Communications,1,Zone 3
COMPUTERS AND ELECTRONICS IN AGRICULTURE,1,Zone 3
"Chikei/Transactions, Japanese Geomorphological Union",1,Zone 3
Carsologica Sinica,1,Zone 3
Canadian Journal of Civil Engineering,1,Zone 3
CURRENT FORESTRY REPORTS,1,Zone 3
CSASE 2025 - International Conference on Computer Science and Software Engineering,1,Zone 3
"CONSTRUCTION RESEARCH CONGRESS 2024: SUSTAINABILITY, RESILIENCE, INFRASTRUCTURE SYSTEMS, AND MATERIALS DESIGN IN CONSTRUCTION",1,Zone 3
CONSTRUCTION RESEARCH CONGRESS 2018: SUSTAINABLE DESIGN AND CONSTRUCTION AND EDUCATION,1,Zone 3
CONSTRUCTION AND BUILDING MATERIALS,1,Zone 3
"COMPUTING IN CIVIL ENGINEERING 2024: SUSTAINABILITY, RESILIENCE, SAFETY, AND EDUCATION",1,Zone 3
COMPUTING IN CIVIL ENGINEERING 2021,1,Zone 3
CHINESE SCIENCE BULLETIN-CHINESE,1,Zone 3
CATENA,1,Zone 3
Cognitive Robotics,1,Zone 3
CARTOGRAPHY AND GEOGRAPHIC INFORMATION SCIENCE,1,Zone 3
Artificial Life and Robotics,1,Zone 3
Artificial Intelligence in Action: Real-World Applications and Innovations,1,Zone 3
Artificial Intelligence for Autonomous Vehicles,1,Zone 3
Applied Water Science,1,Zone 3
Applied Sciences (Switzerland),1,Zone 3
Applied Psychology: Health and Well-Being,1,Zone 3
Applied Intelligence in Human-Computer Interaction,1,Zone 3
Applied Geomatics,1,Zone 3
Applied Geography,1,Zone 3
"Applications of Artificial Intelligence in 5G and Internet of Things - Proceedings of the 1st International Conference on Applications of AI in 5G and IOT, ICAAI5GI 2024",1,Zone 3
Annals of the ICRP,1,Zone 3
Annals of the American Association of Geographers,1,Zone 3
"Americas Conference on Information Systems, AMCIS 2025",1,Zone 3
Agronomy,1,Zone 3
Agriculture and Climatic Issues in South Asia: Geospatial Applications,1,Zone 3
Advances of Artificial Intelligence in a Green Energy Environment,1,Zone 3
Advances in Transdisciplinary Engineering,1,Zone 3
Advances in Geographical and Environmental Sciences,1,Zone 3
Advances in Earth Science,1,Zone 3
Advances in Artificial Intelligence and Machine Learning,1,Zone 3
Advances in Aerial Sensing and Imaging,1,Zone 3
"Advances in AI for Biomedical Instrumentation, Electronics and Computing - Proceedings of the 5th International Conference on Advances in AI for Biomedical Instrumentation, Electronics and Computing, ICABEC 2023",1,Zone 3
Advancements in Artificial Intelligence and Machine Learning,1,Zone 3
"Asian and Pacific Conference on Synthetic Aperture Radar proceedings, APSAR",1,Zone 3
Atmospheric Measurement Techniques,1,Zone 3
Augmented Education in the Global Age: Artificial Intelligence and the Future of Learning and Work,1,Zone 3
Barekeng,1,Zone 3
CANADIAN JOURNAL OF REMOTE SENSING,1,Zone 3
CANADIAN JOURNAL OF CHEMICAL ENGINEERING,1,Zone 3
"CAIBDA 2022 - 2nd International Conference on Artificial Intelligence, Big Data and Algorithms",1,Zone 3
Bulletin of Electrical Engineering and Informatics,1,Zone 3
Building and Environment,1,Zone 3
"BuildSys 2025 - Proceedings of the 2025 the 12th ACM International Conference on Systems for Energy-Efficient Buildings, Cities, and Transportation",1,Zone 3
Big Data and Computing Visions,1,Zone 3
Big Data Research,1,Zone 3
Beijing Youdian Daxue Xuebao/Journal of Beijing University of Posts and Telecommunications,1,Zone 3
Beijing Hangkong Hangtian Daxue Xuebao/Journal of Beijing University of Aeronautics and Astronautics,1,Zone 3
Banko Janakari,1,Zone 3
Automation in Construction,1,Zone 3
BUSINESS INFORMATION SYSTEMS (BIS 2018),1,Zone 3
BULLETIN OF VOLCANOLOGY,1,Zone 3
BULLETIN OF THE SEISMOLOGICAL SOCIETY OF AMERICA,1,Zone 3
BUILDING AND ENVIRONMENT,1,Zone 3
BIOMIMETICS,1,Zone 3
BIO Web of Conferences,1,Zone 3
BIG DATA AND COGNITIVE COMPUTING,1,Zone 3
BIG DATA,1,Zone 3
BEHAVIOUR & INFORMATION TECHNOLOGY,1,Zone 3
B-HTC 2025 - 2025 IEEE Bangalore Humanitarian Technology Conference: Sustainable Development Goal 11: Sustainable Cities and Communities,1,Zone 3
Cloud Computing in Ocean and Atmospheric Sciences,1,Zone 3
Cognitive Science and Technology,1,Zone 3
"FOREST FIRES: Causes, Effects, Monitoring, Precautions and Rehabilitation Activities",1,Zone 3
EEITE 2025 - 6th International Conference in Electronic Engineering and Information Technology,1,Zone 3
Earth and Space Science,1,Zone 3
Earth Science Frontiers,1,Zone 3
Earth Observation for Flood Applications: Progress and Perspectives,1,Zone 3
"EXPERIMENTAL VIBRATION ANALYSIS FOR CIVIL ENGINEERING STRUCTURES, EVACES 2023 - VOL 2",1,Zone 3
EUROPEAN PHYSICAL JOURNAL-SPECIAL TOPICS,1,Zone 3
"ETIS International Conference on Emerging Technologies for Intelligent Systems, ETIS 2025",1,Zone 3
ERCIM NEWS,1,Zone 3
EPMA Journal,1,Zone 3
ENVIRONMENTAL TOXICOLOGY AND CHEMISTRY,1,Zone 3
ENVIRONMENTAL RESEARCH COMMUNICATIONS,1,Zone 3
ENVIRONMENTAL PROCESSES-AN INTERNATIONAL JOURNAL,1,Zone 3
ENVIRONMENTAL MONITORING AND ASSESSMENT,1,Zone 3
"ENVIRONMENTAL INFORMATION SYSTEMS: CONCEPTS, METHODOLOGIES, TOOLS, AND APPLICATIONS",1,Zone 3
ENVIRONMENTAL ENGINEERING RESEARCH,1,Zone 3
ENVIRONMENTAL DEVELOPMENT,1,Zone 3
ENVIRONMENT SYSTEMS & DECISIONS,1,Zone 3
ENVIRONMENT AND PLANNING B-URBAN ANALYTICS AND CITY SCIENCE,1,Zone 3
ENGINEERING LETTERS,1,Zone 3
"ENGINEERING GEOLOGY FOR A HABITABLE EARTH, VOL 2, IAEG XIV CONGRESS 2023",1,Zone 3
ENGINEERING COMPUTATIONS,1,Zone 3
ENGINEERING APPLICATIONS OF NEURAL NETWORKSX,1,Zone 3
ELECTRICA,1,Zone 3
ELECTRIC POWER COMPONENTS AND SYSTEMS,1,Zone 3
"Earth, Planets and Space",1,Zone 3
Eastern-European Journal of Enterprise Technologies,1,Zone 3
Ecocycles,1,Zone 3
"Environment, Development and Sustainability",1,Zone 3
FME TRANSACTIONS,1,Zone 3
FIRE TECHNOLOGY,1,Zone 3
FIRE SAFETY JOURNAL,1,Zone 3
Exploring the Micro World of Robotics Through Insect Robots,1,Zone 3
Evolving Systems,1,Zone 3
"European Modeling and Simulation Symposium, EMSS",1,Zone 3
European Journal of Geography,1,Zone 3
Environmental and Ecological Statistics,1,Zone 3
Environmental Research Letters ,1,Zone 3
Environmental Research Letters,1,Zone 3
Environment International,1,Zone 3
Ecological Engineering and Environmental Technology,1,Zone 3
Engineering Research Express,1,Zone 3
"Engineering Geology for Society and Territory - Volume 3: River Basins, Reservoir Sedimentation and Water Resources",1,Zone 3
Engineering Geology,1,Zone 3
Engineered Science,1,Zone 3
Energy Strategy Reviews,1,Zone 3
Energy Reports,1,Zone 3
"Emergency and Disaster Management: Concepts, Methodologies, Tools, and Applications",1,Zone 3
Ekologia Bratislava,1,Zone 3
Ecotoxicology and Environmental Safety,1,Zone 3
Ecology and Society,1,Zone 3
"EG-ICE 2020 Workshop on Intelligent Computing in Engineering, Proceedings",1,Zone 3
ECONOMIC AND ENVIRONMENTAL GEOLOGY,1,Zone 3
Cognitive Sensing Technologies and Applications,1,Zone 3
EARTHS FUTURE,1,Zone 3
CyberGeo,1,Zone 3
Current Oral Health Reports,1,Zone 3
Current Opinion in Critical Care,1,Zone 3
Critical Care Clinics,1,Zone 3
"Construction Research Congress 2024, CRC 2024",1,Zone 3
Construction Research Congress 2018: Sustainable Design and Construction and Education - Selected Papers from the Construction Research Congress 2018,1,Zone 3
Construction Research Congress 2018: Safety and Disaster Management - Selected Papers from the Construction Research Congress 2018,1,Zone 3
Construction Management and Economics,1,Zone 3
Conference Record - IAS Annual Meeting (IEEE Industry Applications Society),1,Zone 3
"Conference Proceedings of the 4th International Symposium on Project Management, ISPM 2016",1,Zone 3
Conference Proceedings - IEEE SOUTHEASTCON,1,Zone 3
"Conference Proceedings - 2025 IEEE International Conference on Metrology for eXtended Reality, Artificial Intelligence and Neural Engineering, MetroXRAINE 2025",1,Zone 3
"Conference Proceedings - 2025 IEEE 5th International Conference on Industrial Automation, Robotics and Control Engineering, IARCE 2025",1,Zone 3
"Computing in Civil Engineering 2024: Sustainability, Resilience, Safety, and Education - Selected papers from the ASCE International Conference on Computing in Civil Engineering 2024",1,Zone 3
Computing in Civil Engineering 2021 - Selected Papers from the ASCE International Conference on Computing in Civil Engineering 2021,1,Zone 3
"Computers, Materials and Continua",1,Zone 3
"Computers, Environment and Urban Systems",1,Zone 3
Computers and Electronics in Agriculture,1,Zone 3
Computer Engineering and Applications,1,Zone 3
Computer,1,Zone 3
Comprehensive Remote Sensing-,1,Zone 3
Communications on Applied Nonlinear Analysis,1,Zone 3
Communications Earth and Environment,1,Zone 3
Cybersecurity,1,Zone 3
"DATA SCIENCE: FOUNDATIONS AND APPLICATIONS, PAKDD 2025, PT VI",1,Zone 3
DEVELOPMENTS IN THE BUILT ENVIRONMENT,1,Zone 3
Digital Humanitarians: How Big Data Is Changing the Face of Humanitarian Response,1,Zone 3
EARTHQUAKES AND STRUCTURES,1,Zone 3
EARTHQUAKE ENGINEERING AND ENGINEERING VIBRATION,1,Zone 3
EARTH-SCIENCE REVIEWS,1,Zone 3
EAI/Springer Innovations in Communication and Computing,1,Zone 3
Drones for Transportation Logistics and Disaster Management,1,Zone 3
Discover Sustainability,1,Zone 3
Disaster and Emergency Medicine Journal,1,Zone 3
Disaster Medicine and Public Health Preparedness,1,Zone 3
Digital Twin Technology and Applications,1,Zone 3
Digital Technologies Research and Applications,1,Zone 3
Digest of Technical Papers - SID International Symposium,1,Zone 3
DIGITAL CHEMICAL ENGINEERING,1,Zone 3
Digest of Technical Papers - IEEE International Conference on Consumer Electronics,1,Zone 3
Developments in Environmental Science,1,Zone 3
Development of 6G Networks and Technology,1,Zone 3
Desalination and Water Treatment,1,Zone 3
Decision Support Systems,1,Zone 3
Data Science and Management,1,Zone 3
Data Analytics and Artificial Intelligence for Earth Resource Management,1,Zone 3
DISPLAYS,1,Zone 3
DISCOVER ENVIRONMENT,1,Zone 3
"DIGITAL HUMAN MODELING AND APPLICATIONS IN HEALTH, SAFETY, ERGONOMICS AND RISK MANAGEMENT, DHM 2025, PT I",1,Zone 3
IEEE TRANSACTIONS ON BIG DATA,1,Zone 3
